"지역별","지표별",2015
"서울 종로구","사망률 (인구 10만명당 사망자)",549.9
"서울 종로구","남녀성비 (%)",97.59
"서울 종로구","인구 천명당 외국인수 (명)",57.01
"서울 종로구","전입인구 (명)",24951
"서울 종로구","출생아수 (명)",906
"서울 종로구","전출인구 (명)",27470
"서울 종로구","합계출산율 (명)",0.813
"서울 종로구","인구증가율 (%)",-0.92
"서울 종로구","주민등록인구 (명)",154986
"서울 종로구","등록외국인 현황  (명)",8836
"서울 종로구","고령인구비율 (%)",15.97
"서울 종로구","순이동인구 (명)",-2519
"서울 종로구","사망자수 (명)",829
"서울 종로구","혼인건수 (건)",806
"서울 종로구","1인가구비율 (%)",37.0
"서울 종로구","조이혼율 (천명당)",1.8
"서울 종로구","유아 천명당 보육시설수 (개)",14.86
"서울 종로구","조혼인율 (천명당)",5.3
"서울 종로구","흡연율 (%)",22.5
"서울 종로구","주관적건강수준 인지율 (%)",51.6
"서울 종로구","음주율 (%)",63.3
"서울 종로구","스트레스 인지율 (%)",28.3
"서울 종로구","비만율 (%)",24.2
"서울 종로구","EQ-5D지표",0.950
"서울 종로구","인구 천명당 의료기관병상수 (개)",21.47
"서울 종로구","인구 천명당 의료기관종사의사수 (명)",18.44
"서울 종로구","대학교 수 (개)",3
"서울 종로구","초등학교수 (개)",14
"서울 종로구","대학교 교원수 (명)",1532
"서울 종로구","유치원 교원수 (명)",91
"서울 종로구","인구 천명당 사설학원수 (개)",1.68
"서울 종로구","유치원수 (개)",17
"서울 종로구","유치원 원아수 (명)",1238
"서울 종로구","초등학교 학생수 (명)",6084
"서울 종로구","대학교 학생수 (명)",39738
"서울 종로구","교원1인당 학생수 (명)",18.80
"서울 종로구","초등학교 교원수 (명)",475
"서울 종로구","토지거래현황 (천m²)",447
"서울 종로구","토지거래현황 (필지)",5533
"서울 종로구","자동차 천대당 교통사고발생건수 (건)",22.76
"서울 종로구","도로포장률 (%)",100.00
"서울 종로구","도시지역면적 (km²)",24
"서울 종로구","주택전세가격지수",95.5
"서울 종로구","주택수 (호)",43550
"서울 종로구","1인당 자동차 등록대수 (대)",0.32
"서울 종로구","지가변동률 (%)",1.90
"서울 종로구","토지거래 면적 (천㎡)",447
"서울 종로구","주택매매가격지수",96.1
"서울 종로구","아파트월세가격지수 (명)",103.8
"서울 종로구","아파트전세가격지수 (명)",93.1
"서울 종로구","주택월세통합가격지수 (명)",101.7
"서울 종로구","아파트매매가격지수 (명)",94.4
"서울 종로구","주택월세가격지수 (명)",101.7
"서울 종로구","아파트월세통합가격지수 (명)",101.0
"서울 종로구","인구 십만명당 문화기반시설수 (개)",39.36
"서울 종로구","친환경인증 축산물 출하량 (톤)",0
"서울 종로구","친환경인증 농산물 출하량 (톤)",145
"서울 종로구","인구 천명당 사업체수 (개)",263.71
"서울 종로구","재정자주도 (%)",71.2
"서울 종로구","인구 천명당 종사자수 (명)",1736.32
"서울 종로구","사업체수 (개)",40871
"서울 종로구","재정자립도 (%)",56.2
"서울 종로구","가구수 (가구)",68429
"서울 종로구","주민 만명당 화재발생건수 (건)",16.78
"서울 종로구","주민 1인당 생활폐기물배출량 (kg/일)",2.09
"서울 종로구","폐수배출업소수 (개소)",143
"서울 종로구","일반폐기물재활용률 (%)",61.81
"서울 종로구","하수도보급률 (%)",100.0
"서울 종로구","상수도보급률 (%)",100.0
"서울 종로구","건강보험 적용인구 현황",155982
"서울 종로구","장애인고용률 (%)",1.76
"서울 종로구","일반회계중 일반공공행정예산비중 (%)",9.38
"서울 종로구","일반회계중 사회복지예산비중 (%)",33.19
"서울 종로구","노인 천명당 노인여가복지시설수 (개)",2.04
"서울 종로구","인구 십만명당 자살률 (명)",23.2
"서울 종로구","인구 십만명당 사회복지시설수 (개)",10.32
"서울 중구","사망률 (인구 10만명당 사망자)",561.1
"서울 중구","남녀성비 (%)",99.43
"서울 중구","인구 천명당 외국인수 (명)",68.37
"서울 중구","전입인구 (명)",20078
"서울 중구","출생아수 (명)",950
"서울 중구","전출인구 (명)",22950
"서울 중구","합계출산율 (명)",0.946
"서울 중구","인구증가율 (%)",-1.39
"서울 중구","주민등록인구 (명)",125733
"서울 중구","등록외국인 현황  (명)",8596
"서울 중구","고령인구비율 (%)",15.97
"서울 중구","순이동인구 (명)",-2872
"서울 중구","사망자수 (명)",689
"서울 중구","혼인건수 (건)",916
"서울 중구","1인가구비율 (%)",37.4
"서울 중구","조이혼율 (천명당)",2.2
"서울 중구","유아 천명당 보육시설수 (개)",12.86
"서울 중구","조혼인율 (천명당)",7.5
"서울 중구","흡연율 (%)",24.5
"서울 중구","주관적건강수준 인지율 (%)",44.0
"서울 중구","음주율 (%)",63.4
"서울 중구","스트레스 인지율 (%)",31.8
"서울 중구","비만율 (%)",23.4
"서울 중구","EQ-5D지표",0.952
"서울 중구","인구 천명당 의료기관병상수 (개)",12.38
"서울 중구","인구 천명당 의료기관종사의사수 (명)",10.16
"서울 중구","대학교 수 (개)",2
"서울 중구","초등학교수 (개)",12
"서울 중구","대학교 교원수 (명)",647
"서울 중구","유치원 교원수 (명)",98
"서울 중구","인구 천명당 사설학원수 (개)",1.00
"서울 중구","유치원수 (개)",13
"서울 중구","유치원 원아수 (명)",1204
"서울 중구","초등학교 학생수 (명)",5739
"서울 중구","대학교 학생수 (명)",23004
"서울 중구","교원1인당 학생수 (명)",19.23
"서울 중구","초등학교 교원수 (명)",412
"서울 중구","토지거래현황 (천m²)",240
"서울 중구","토지거래현황 (필지)",7788
"서울 중구","자동차 천대당 교통사고발생건수 (건)",21.65
"서울 중구","도로포장률 (%)",100.00
"서울 중구","도시지역면적 (km²)",10
"서울 중구","주택전세가격지수",95.8
"서울 중구","주택수 (호)",37478
"서울 중구","1인당 자동차 등록대수 (대)",0.42
"서울 중구","지가변동률 (%)",1.81
"서울 중구","토지거래 면적 (천㎡)",240
"서울 중구","주택매매가격지수",95.7
"서울 중구","아파트월세가격지수 (명)",102.5
"서울 중구","아파트전세가격지수 (명)",94.9
"서울 중구","주택월세통합가격지수 (명)",101.2
"서울 중구","아파트매매가격지수 (명)",95.1
"서울 중구","주택월세가격지수 (명)",101.2
"서울 중구","아파트월세통합가격지수 (명)",100.2
"서울 중구","인구 십만명당 문화기반시설수 (개)",19.09
"서울 중구","친환경인증 축산물 출하량 (톤)",0
"서울 중구","친환경인증 농산물 출하량 (톤)",2
"서울 중구","인구 천명당 사업체수 (개)",526.43
"서울 중구","재정자주도 (%)",70.0
"서울 중구","인구 천명당 종사자수 (명)",3370.70
"서울 중구","사업체수 (개)",66190
"서울 중구","재정자립도 (%)",65.7
"서울 중구","가구수 (가구)",55508
"서울 중구","주민 만명당 화재발생건수 (건)",18.85
"서울 중구","주민 1인당 생활폐기물배출량 (kg/일)",3.98
"서울 중구","폐수배출업소수 (개소)",482
"서울 중구","일반폐기물재활용률 (%)",62.98
"서울 중구","하수도보급률 (%)",100.0
"서울 중구","상수도보급률 (%)",100.0
"서울 중구","건강보험 적용인구 현황",131175
"서울 중구","장애인고용률 (%)",1.85
"서울 중구","일반회계중 일반공공행정예산비중 (%)",6.92
"서울 중구","일반회계중 사회복지예산비중 (%)",32.80
"서울 중구","노인 천명당 노인여가복지시설수 (개)",1.84
"서울 중구","인구 십만명당 자살률 (명)",25.2
"서울 중구","인구 십만명당 사회복지시설수 (개)",7.16
"서울 용산구","사망률 (인구 10만명당 사망자)",493.7
"서울 용산구","남녀성비 (%)",94.18
"서울 용산구","인구 천명당 외국인수 (명)",62.43
"서울 용산구","전입인구 (명)",37064
"서울 용산구","출생아수 (명)",1967
"서울 용산구","전출인구 (명)",41361
"서울 용산구","합계출산율 (명)",1.005
"서울 용산구","인구증가율 (%)",-0.80
"서울 용산구","주민등록인구 (명)",233342
"서울 용산구","등록외국인 현황  (명)",14567
"서울 용산구","고령인구비율 (%)",15.15
"서울 용산구","순이동인구 (명)",-4297
"서울 용산구","사망자수 (명)",1113
"서울 용산구","혼인건수 (건)",1515
"서울 용산구","1인가구비율 (%)",34.4
"서울 용산구","조이혼율 (천명당)",1.9
"서울 용산구","소년·소녀가정현황 (명)",4
"서울 용산구","유아 천명당 보육시설수 (개)",12.36
"서울 용산구","조혼인율 (천명당)",6.7
"서울 용산구","흡연율 (%)",23.2
"서울 용산구","주관적건강수준 인지율 (%)",56.8
"서울 용산구","음주율 (%)",60.6
"서울 용산구","스트레스 인지율 (%)",27.8
"서울 용산구","비만율 (%)",24.6
"서울 용산구","EQ-5D지표",0.958
"서울 용산구","인구 천명당 의료기관병상수 (개)",4.42
"서울 용산구","인구 천명당 의료기관종사의사수 (명)",3.12
"서울 용산구","대학교 수 (개)",1
"서울 용산구","초등학교수 (개)",15
"서울 용산구","대학교 교원수 (명)",399
"서울 용산구","유치원 교원수 (명)",135
"서울 용산구","인구 천명당 사설학원수 (개)",0.70
"서울 용산구","유치원수 (개)",17
"서울 용산구","유치원 원아수 (명)",1753
"서울 용산구","초등학교 학생수 (명)",8210
"서울 용산구","대학교 학생수 (명)",12847
"서울 용산구","교원1인당 학생수 (명)",16.50
"서울 용산구","초등학교 교원수 (명)",612
"서울 용산구","토지거래현황 (천m²)",387
"서울 용산구","토지거래현황 (필지)",8200
"서울 용산구","자동차 천대당 교통사고발생건수 (건)",17.32
"서울 용산구","도로포장률 (%)",100.00
"서울 용산구","도시지역면적 (km²)",22
"서울 용산구","주택전세가격지수",96.2
"서울 용산구","주택수 (호)",70723
"서울 용산구","1인당 자동차 등록대수 (대)",0.33
"서울 용산구","지가변동률 (%)",1.50
"서울 용산구","토지거래 면적 (천㎡)",387
"서울 용산구","주택매매가격지수",94.7
"서울 용산구","아파트월세가격지수 (명)",101.6
"서울 용산구","아파트전세가격지수 (명)",95.4
"서울 용산구","주택월세통합가격지수 (명)",101.0
"서울 용산구","아파트매매가격지수 (명)",93.8
"서울 용산구","주택월세가격지수 (명)",101.0
"서울 용산구","아파트월세통합가격지수 (명)",99.7
"서울 용산구","인구 십만명당 문화기반시설수 (개)",6.00
"서울 용산구","친환경인증 축산물 출하량 (톤)",0
"서울 용산구","친환경인증 농산물 출하량 (톤)",8
"서울 용산구","인구 천명당 사업체수 (개)",90.76
"서울 용산구","재정자주도 (%)",62.7
"서울 용산구","인구 천명당 종사자수 (명)",571.89
"서울 용산구","사업체수 (개)",21178
"서울 용산구","재정자립도 (%)",47.9
"서울 용산구","가구수 (가구)",96385
"서울 용산구","주민 만명당 화재발생건수 (건)",8.01
"서울 용산구","주민 1인당 생활폐기물배출량 (kg/일)",1.09
"서울 용산구","폐수배출업소수 (개소)",57
"서울 용산구","일반폐기물재활용률 (%)",64.88
"서울 용산구","하수도보급률 (%)",100.0
"서울 용산구","상수도보급률 (%)",100.0
"서울 용산구","건강보험 적용인구 현황",228126
"서울 용산구","장애인고용률 (%)",2.13
"서울 용산구","일반회계중 일반공공행정예산비중 (%)",7.13
"서울 용산구","일반회계중 사회복지예산비중 (%)",42.29
"서울 용산구","노인 천명당 노인여가복지시설수 (개)",2.27
"서울 용산구","인구 십만명당 자살률 (명)",23.5
"서울 용산구","인구 십만명당 사회복지시설수 (개)",5.14
"서울 성동구","사망률 (인구 10만명당 사망자)",426.7
"서울 성동구","남녀성비 (%)",98.75
"서울 성동구","인구 천명당 외국인수 (명)",27.14
"서울 성동구","전입인구 (명)",48105
"서울 성동구","출생아수 (명)",2753
"서울 성동구","전출인구 (명)",49091
"서울 성동구","합계출산율 (명)",1.095
"서울 성동구","인구증가율 (%)",0.39
"서울 성동구","주민등록인구 (명)",297003
"서울 성동구","등록외국인 현황  (명)",8062
"서울 성동구","고령인구비율 (%)",12.80
"서울 성동구","순이동인구 (명)",-986
"서울 성동구","사망자수 (명)",1244
"서울 성동구","혼인건수 (건)",2083
"서울 성동구","1인가구비율 (%)",30.7
"서울 성동구","조이혼율 (천명당)",1.9
"서울 성동구","유아 천명당 보육시설수 (개)",12.99
"서울 성동구","조혼인율 (천명당)",7.1
"서울 성동구","흡연율 (%)",19.3
"서울 성동구","주관적건강수준 인지율 (%)",48.7
"서울 성동구","음주율 (%)",64.7
"서울 성동구","스트레스 인지율 (%)",29.4
"서울 성동구","비만율 (%)",24.0
"서울 성동구","EQ-5D지표",0.962
"서울 성동구","인구 천명당 의료기관병상수 (개)",6.00
"서울 성동구","인구 천명당 의료기관종사의사수 (명)",3.32
"서울 성동구","대학교 수 (개)",2
"서울 성동구","초등학교수 (개)",20
"서울 성동구","대학교 교원수 (명)",1106
"서울 성동구","유치원 교원수 (명)",186
"서울 성동구","인구 천명당 사설학원수 (개)",0.93
"서울 성동구","유치원수 (개)",31
"서울 성동구","유치원 원아수 (명)",2548
"서울 성동구","초등학교 학생수 (명)",12641
"서울 성동구","대학교 학생수 (명)",28614
"서울 성동구","교원1인당 학생수 (명)",17.45
"서울 성동구","초등학교 교원수 (명)",939
"서울 성동구","토지거래현황 (천m²)",620
"서울 성동구","토지거래현황 (필지)",12649
"서울 성동구","자동차 천대당 교통사고발생건수 (건)",10.16
"서울 성동구","도로포장률 (%)",100.00
"서울 성동구","도시지역면적 (km²)",17
"서울 성동구","주택전세가격지수",97.2
"서울 성동구","주택수 (호)",82331
"서울 성동구","1인당 자동차 등록대수 (대)",0.32
"서울 성동구","지가변동률 (%)",2.22
"서울 성동구","토지거래 면적 (천㎡)",620
"서울 성동구","주택매매가격지수",95.1
"서울 성동구","아파트월세가격지수 (명)",102.0
"서울 성동구","아파트전세가격지수 (명)",96.4
"서울 성동구","주택월세통합가격지수 (명)",101.4
"서울 성동구","아파트매매가격지수 (명)",94.6
"서울 성동구","주택월세가격지수 (명)",101.4
"서울 성동구","아파트월세통합가격지수 (명)",100.2
"서울 성동구","인구 십만명당 문화기반시설수 (개)",4.71
"서울 성동구","친환경인증 축산물 출하량 (톤)",0
"서울 성동구","친환경인증 농산물 출하량 (톤)",6
"서울 성동구","인구 천명당 사업체수 (개)",87.98
"서울 성동구","재정자주도 (%)",60.1
"서울 성동구","인구 천명당 종사자수 (명)",545.51
"서울 성동구","사업체수 (개)",26130
"서울 성동구","재정자립도 (%)",39.4
"서울 성동구","가구수 (가구)",118900
"서울 성동구","주민 만명당 화재발생건수 (건)",6.63
"서울 성동구","주민 1인당 생활폐기물배출량 (kg/일)",0.87
"서울 성동구","폐수배출업소수 (개소)",320
"서울 성동구","일반폐기물재활용률 (%)",69.01
"서울 성동구","하수도보급률 (%)",100.0
"서울 성동구","상수도보급률 (%)",100.0
"서울 성동구","건강보험 적용인구 현황",292125
"서울 성동구","장애인고용률 (%)",2.38
"서울 성동구","일반회계중 일반공공행정예산비중 (%)",6.58
"서울 성동구","일반회계중 사회복지예산비중 (%)",44.58
"서울 성동구","노인 천명당 노인여가복지시설수 (개)",3.07
"서울 성동구","인구 십만명당 자살률 (명)",26.4
"서울 성동구","인구 십만명당 사회복지시설수 (개)",2.36
"서울 광진구","사망률 (인구 10만명당 사망자)",412.7
"서울 광진구","남녀성비 (%)",96.40
"서울 광진구","인구 천명당 외국인수 (명)",41.10
"서울 광진구","전입인구 (명)",58871
"서울 광진구","출생아수 (명)",2951
"서울 광진구","전출인구 (명)",63920
"서울 광진구","합계출산율 (명)",0.903
"서울 광진구","인구증가율 (%)",-0.58
"서울 광진구","주민등록인구 (명)",360369
"서울 광진구","등록외국인 현황  (명)",14811
"서울 광진구","고령인구비율 (%)",11.16
"서울 광진구","순이동인구 (명)",-5049
"서울 광진구","사망자수 (명)",1472
"서울 광진구","혼인건수 (건)",2576
"서울 광진구","1인가구비율 (%)",36.7
"서울 광진구","조이혼율 (천명당)",1.8
"서울 광진구","유아 천명당 보육시설수 (개)",14.09
"서울 광진구","조혼인율 (천명당)",7.2
"서울 광진구","흡연율 (%)",19.3
"서울 광진구","주관적건강수준 인지율 (%)",48.2
"서울 광진구","음주율 (%)",64.3
"서울 광진구","스트레스 인지율 (%)",32.1
"서울 광진구","비만율 (%)",24.7
"서울 광진구","EQ-5D지표",0.949
"서울 광진구","인구 천명당 의료기관병상수 (개)",6.85
"서울 광진구","인구 천명당 의료기관종사의사수 (명)",3.34
"서울 광진구","대학교 수 (개)",3
"서울 광진구","초등학교수 (개)",22
"서울 광진구","대학교 교원수 (명)",1130
"서울 광진구","유치원 교원수 (명)",245
"서울 광진구","인구 천명당 사설학원수 (개)",1.24
"서울 광진구","유치원수 (개)",37
"서울 광진구","유치원 원아수 (명)",3199
"서울 광진구","초등학교 학생수 (명)",15760
"서울 광진구","대학교 학생수 (명)",39423
"서울 광진구","교원1인당 학생수 (명)",21.01
"서울 광진구","초등학교 교원수 (명)",1049
"서울 광진구","토지거래현황 (천m²)",591
"서울 광진구","토지거래현황 (필지)",9587
"서울 광진구","자동차 천대당 교통사고발생건수 (건)",10.10
"서울 광진구","도로포장률 (%)",100.00
"서울 광진구","도시지역면적 (km²)",17
"서울 광진구","주택전세가격지수",98.2
"서울 광진구","주택수 (호)",79393
"서울 광진구","1인당 자동차 등록대수 (대)",0.27
"서울 광진구","지가변동률 (%)",2.55
"서울 광진구","토지거래 면적 (천㎡)",591
"서울 광진구","주택매매가격지수",96.2
"서울 광진구","아파트월세가격지수 (명)",102.2
"서울 광진구","아파트전세가격지수 (명)",96.6
"서울 광진구","주택월세통합가격지수 (명)",100.9
"서울 광진구","아파트매매가격지수 (명)",94.0
"서울 광진구","주택월세가격지수 (명)",100.9
"서울 광진구","아파트월세통합가격지수 (명)",100.2
"서울 광진구","인구 십만명당 문화기반시설수 (개)",2.50
"서울 광진구","친환경인증 축산물 출하량 (톤)",0
"서울 광진구","친환경인증 농산물 출하량 (톤)",3
"서울 광진구","인구 천명당 사업체수 (개)",68.07
"서울 광진구","재정자주도 (%)",59.3
"서울 광진구","인구 천명당 종사자수 (명)",343.23
"서울 광진구","사업체수 (개)",24531
"서울 광진구","재정자립도 (%)",30.9
"서울 광진구","가구수 (가구)",155242
"서울 광진구","주민 만명당 화재발생건수 (건)",6.69
"서울 광진구","주민 1인당 생활폐기물배출량 (kg/일)",0.94
"서울 광진구","폐수배출업소수 (개소)",52
"서울 광진구","일반폐기물재활용률 (%)",73.78
"서울 광진구","하수도보급률 (%)",100.0
"서울 광진구","상수도보급률 (%)",100.0
"서울 광진구","건강보험 적용인구 현황",356822
"서울 광진구","장애인고용률 (%)",2.66
"서울 광진구","일반회계중 일반공공행정예산비중 (%)",7.50
"서울 광진구","일반회계중 사회복지예산비중 (%)",45.09
"서울 광진구","노인 천명당 노인여가복지시설수 (개)",1.75
"서울 광진구","인구 십만명당 자살률 (명)",20.2
"서울 광진구","인구 십만명당 사회복지시설수 (개)",7.77
"서울 동대문구","사망률 (인구 10만명당 사망자)",515.9
"서울 동대문구","남녀성비 (%)",100.45
"서울 동대문구","인구 천명당 외국인수 (명)",37.96
"서울 동대문구","전입인구 (명)",55990
"서울 동대문구","출생아수 (명)",2687
"서울 동대문구","전출인구 (명)",60917
"서울 동대문구","합계출산율 (명)",0.960
"서울 동대문구","인구증가율 (%)",-0.66
"서울 동대문구","주민등록인구 (명)",360153
"서울 동대문구","등록외국인 현황  (명)",13671
"서울 동대문구","고령인구비율 (%)",14.53
"서울 동대문구","순이동인구 (명)",-4927
"서울 동대문구","사망자수 (명)",1833
"서울 동대문구","혼인건수 (건)",2159
"서울 동대문구","1인가구비율 (%)",36.1
"서울 동대문구","조이혼율 (천명당)",2.0
"서울 동대문구","소년·소녀가정현황 (명)",1
"서울 동대문구","유아 천명당 보육시설수 (개)",14.59
"서울 동대문구","조혼인율 (천명당)",6.1
"서울 동대문구","흡연율 (%)",19.6
"서울 동대문구","주관적건강수준 인지율 (%)",47.4
"서울 동대문구","음주율 (%)",69.7
"서울 동대문구","스트레스 인지율 (%)",30.8
"서울 동대문구","비만율 (%)",24.8
"서울 동대문구","EQ-5D지표",0.957
"서울 동대문구","인구 천명당 의료기관병상수 (개)",17.03
"서울 동대문구","인구 천명당 의료기관종사의사수 (명)",4.74
"서울 동대문구","대학교 수 (개)",4
"서울 동대문구","초등학교수 (개)",21
"서울 동대문구","대학교 교원수 (명)",1827
"서울 동대문구","유치원 교원수 (명)",267
"서울 동대문구","인구 천명당 사설학원수 (개)",0.97
"서울 동대문구","유치원수 (개)",33
"서울 동대문구","유치원 원아수 (명)",3437
"서울 동대문구","초등학교 학생수 (명)",14916
"서울 동대문구","대학교 학생수 (명)",72133
"서울 동대문구","교원1인당 학생수 (명)",24.52
"서울 동대문구","초등학교 교원수 (명)",975
"서울 동대문구","토지거래현황 (천m²)",680
"서울 동대문구","토지거래현황 (필지)",13521
"서울 동대문구","자동차 천대당 교통사고발생건수 (건)",16.41
"서울 동대문구","도로포장률 (%)",100.00
"서울 동대문구","도시지역면적 (km²)",15
"서울 동대문구","주택전세가격지수",97.1
"서울 동대문구","주택수 (호)",98203
"서울 동대문구","1인당 자동차 등록대수 (대)",0.27
"서울 동대문구","지가변동률 (%)",2.25
"서울 동대문구","토지거래 면적 (천㎡)",680
"서울 동대문구","주택매매가격지수",96.3
"서울 동대문구","아파트월세가격지수 (명)",102.0
"서울 동대문구","아파트전세가격지수 (명)",95.0
"서울 동대문구","주택월세통합가격지수 (명)",101.2
"서울 동대문구","아파트매매가격지수 (명)",95.2
"서울 동대문구","주택월세가격지수 (명)",101.2
"서울 동대문구","아파트월세통합가격지수 (명)",100.1
"서울 동대문구","인구 십만명당 문화기반시설수 (개)",3.33
"서울 동대문구","친환경인증 축산물 출하량 (톤)",0
"서울 동대문구","친환경인증 농산물 출하량 (톤)",0
"서울 동대문구","인구 천명당 사업체수 (개)",91.61
"서울 동대문구","재정자주도 (%)",53.3
"서울 동대문구","인구 천명당 종사자수 (명)",399.44
"서울 동대문구","사업체수 (개)",32994
"서울 동대문구","재정자립도 (%)",29.4
"서울 동대문구","가구수 (가구)",153362
"서울 동대문구","주민 만명당 화재발생건수 (건)",6.19
"서울 동대문구","주민 1인당 생활폐기물배출량 (kg/일)",1.13
"서울 동대문구","폐수배출업소수 (개소)",66
"서울 동대문구","일반폐기물재활용률 (%)",71.42
"서울 동대문구","하수도보급률 (%)",100.0
"서울 동대문구","상수도보급률 (%)",100.0
"서울 동대문구","건강보험 적용인구 현황",348895
"서울 동대문구","장애인고용률 (%)",2.42
"서울 동대문구","일반회계중 일반공공행정예산비중 (%)",5.91
"서울 동대문구","일반회계중 사회복지예산비중 (%)",51.08
"서울 동대문구","노인 천명당 노인여가복지시설수 (개)",1.95
"서울 동대문구","인구 십만명당 자살률 (명)",28.4
"서울 동대문구","인구 십만명당 사회복지시설수 (개)",8.33
"서울 중랑구","사망률 (인구 10만명당 사망자)",499.3
"서울 중랑구","남녀성비 (%)",99.57
"서울 중랑구","인구 천명당 외국인수 (명)",11.38
"서울 중랑구","전입인구 (명)",64638
"서울 중랑구","출생아수 (명)",3368
"서울 중랑구","전출인구 (명)",71284
"서울 중랑구","합계출산율 (명)",1.051
"서울 중랑구","인구증가율 (%)",-1.13
"서울 중랑구","주민등록인구 (명)",413909
"서울 중랑구","등록외국인 현황  (명)",4711
"서울 중랑구","고령인구비율 (%)",13.05
"서울 중랑구","순이동인구 (명)",-6646
"서울 중랑구","사망자수 (명)",2050
"서울 중랑구","혼인건수 (건)",2716
"서울 중랑구","1인가구비율 (%)",28.7
"서울 중랑구","조이혼율 (천명당)",2.5
"서울 중랑구","소년·소녀가정현황 (명)",2
"서울 중랑구","유아 천명당 보육시설수 (개)",14.04
"서울 중랑구","조혼인율 (천명당)",6.6
"서울 중랑구","흡연율 (%)",22.3
"서울 중랑구","주관적건강수준 인지율 (%)",43.7
"서울 중랑구","음주율 (%)",64.3
"서울 중랑구","스트레스 인지율 (%)",32.8
"서울 중랑구","비만율 (%)",25.1
"서울 중랑구","EQ-5D지표",0.950
"서울 중랑구","인구 천명당 의료기관병상수 (개)",7.91
"서울 중랑구","인구 천명당 의료기관종사의사수 (명)",2.09
"서울 중랑구","대학교 수 (개)",1
"서울 중랑구","초등학교수 (개)",23
"서울 중랑구","대학교 교원수 (명)",174
"서울 중랑구","유치원 교원수 (명)",258
"서울 중랑구","인구 천명당 사설학원수 (개)",0.72
"서울 중랑구","유치원수 (개)",32
"서울 중랑구","유치원 원아수 (명)",3325
"서울 중랑구","초등학교 학생수 (명)",16472
"서울 중랑구","대학교 학생수 (명)",9916
"서울 중랑구","교원1인당 학생수 (명)",16.44
"서울 중랑구","초등학교 교원수 (명)",1127
"서울 중랑구","토지거래현황 (천m²)",774
"서울 중랑구","토지거래현황 (필지)",12703
"서울 중랑구","자동차 천대당 교통사고발생건수 (건)",11.67
"서울 중랑구","도로포장률 (%)",100.00
"서울 중랑구","도시지역면적 (km²)",19
"서울 중랑구","주택전세가격지수",97.4
"서울 중랑구","주택수 (호)",99265
"서울 중랑구","1인당 자동차 등록대수 (대)",0.27
"서울 중랑구","지가변동률 (%)",2.53
"서울 중랑구","토지거래 면적 (천㎡)",774
"서울 중랑구","주택매매가격지수",97.4
"서울 중랑구","아파트월세가격지수 (명)",101.6
"서울 중랑구","아파트전세가격지수 (명)",96.0
"서울 중랑구","주택월세통합가격지수 (명)",100.7
"서울 중랑구","아파트매매가격지수 (명)",97.0
"서울 중랑구","주택월세가격지수 (명)",100.7
"서울 중랑구","아파트월세통합가격지수 (명)",100.2
"서울 중랑구","인구 십만명당 문화기반시설수 (개)",0.97
"서울 중랑구","친환경인증 축산물 출하량 (톤)",0
"서울 중랑구","친환경인증 농산물 출하량 (톤)",44
"서울 중랑구","인구 천명당 사업체수 (개)",65.93
"서울 중랑구","재정자주도 (%)",50.4
"서울 중랑구","인구 천명당 종사자수 (명)",239.77
"서울 중랑구","사업체수 (개)",27287
"서울 중랑구","재정자립도 (%)",23.9
"서울 중랑구","가구수 (가구)",160043
"서울 중랑구","주민 만명당 화재발생건수 (건)",4.23
"서울 중랑구","주민 1인당 생활폐기물배출량 (kg/일)",0.95
"서울 중랑구","폐수배출업소수 (개소)",86
"서울 중랑구","일반폐기물재활용률 (%)",73.43
"서울 중랑구","하수도보급률 (%)",100.0
"서울 중랑구","상수도보급률 (%)",100.0
"서울 중랑구","건강보험 적용인구 현황",399838
"서울 중랑구","장애인고용률 (%)",4.26
"서울 중랑구","일반회계중 일반공공행정예산비중 (%)",6.28
"서울 중랑구","일반회계중 사회복지예산비중 (%)",54.03
"서울 중랑구","노인 천명당 노인여가복지시설수 (개)",1.61
"서울 중랑구","인구 십만명당 자살률 (명)",23.6
"서울 중랑구","인구 십만명당 사회복지시설수 (개)",11.36
"서울 성북구","사망률 (인구 10만명당 사망자)",472.8
"서울 성북구","남녀성비 (%)",96.02
"서울 성북구","인구 천명당 외국인수 (명)",22.39
"서울 성북구","전입인구 (명)",66804
"서울 성북구","출생아수 (명)",3514
"서울 성북구","전출인구 (명)",76213
"서울 성북구","합계출산율 (명)",0.991
"서울 성북구","인구증가율 (%)",-1.34
"서울 성북구","주민등록인구 (명)",459275
"서울 성북구","등록외국인 현황  (명)",10285
"서울 성북구","고령인구비율 (%)",13.75
"서울 성북구","순이동인구 (명)",-9409
"서울 성북구","사망자수 (명)",2154
"서울 성북구","혼인건수 (건)",2379
"서울 성북구","1인가구비율 (%)",29.8
"서울 성북구","조이혼율 (천명당)",1.8
"서울 성북구","유아 천명당 보육시설수 (개)",15.11
"서울 성북구","조혼인율 (천명당)",5.2
"서울 성북구","흡연율 (%)",21.3
"서울 성북구","주관적건강수준 인지율 (%)",48.6
"서울 성북구","음주율 (%)",64.0
"서울 성북구","스트레스 인지율 (%)",33.8
"서울 성북구","비만율 (%)",24.5
"서울 성북구","EQ-5D지표",0.945
"서울 성북구","인구 천명당 의료기관병상수 (개)",7.13
"서울 성북구","인구 천명당 의료기관종사의사수 (명)",2.71
"서울 성북구","대학교 수 (개)",6
"서울 성북구","초등학교수 (개)",29
"서울 성북구","대학교 교원수 (명)",2747
"서울 성북구","유치원 교원수 (명)",415
"서울 성북구","인구 천명당 사설학원수 (개)",0.94
"서울 성북구","유치원수 (개)",55
"서울 성북구","유치원 원아수 (명)",5440
"서울 성북구","초등학교 학생수 (명)",23306
"서울 성북구","대학교 학생수 (명)",89036
"서울 성북구","교원1인당 학생수 (명)",22.29
"서울 성북구","초등학교 교원수 (명)",1473
"서울 성북구","토지거래현황 (천m²)",813
"서울 성북구","토지거래현황 (필지)",15472
"서울 성북구","자동차 천대당 교통사고발생건수 (건)",11.58
"서울 성북구","도로포장률 (%)",100.00
"서울 성북구","도시지역면적 (km²)",25
"서울 성북구","주택전세가격지수",96.1
"서울 성북구","주택수 (호)",128046
"서울 성북구","1인당 자동차 등록대수 (대)",0.25
"서울 성북구","지가변동률 (%)",2.19
"서울 성북구","토지거래 면적 (천㎡)",813
"서울 성북구","주택매매가격지수",96.3
"서울 성북구","아파트월세가격지수 (명)",103.0
"서울 성북구","아파트전세가격지수 (명)",94.7
"서울 성북구","주택월세통합가격지수 (명)",101.8
"서울 성북구","아파트매매가격지수 (명)",95.2
"서울 성북구","주택월세가격지수 (명)",101.8
"서울 성북구","아파트월세통합가격지수 (명)",100.4
"서울 성북구","인구 십만명당 문화기반시설수 (개)",3.48
"서울 성북구","친환경인증 축산물 출하량 (톤)",0
"서울 성북구","친환경인증 농산물 출하량 (톤)",4
"서울 성북구","인구 천명당 사업체수 (개)",53.76
"서울 성북구","재정자주도 (%)",52.6
"서울 성북구","인구 천명당 종사자수 (명)",247.98
"서울 성북구","사업체수 (개)",24690
"서울 성북구","재정자립도 (%)",24.4
"서울 성북구","가구수 (가구)",178717
"서울 성북구","주민 만명당 화재발생건수 (건)",3.29
"서울 성북구","주민 1인당 생활폐기물배출량 (kg/일)",0.78
"서울 성북구","폐수배출업소수 (개소)",68
"서울 성북구","일반폐기물재활용률 (%)",69.21
"서울 성북구","하수도보급률 (%)",100.0
"서울 성북구","상수도보급률 (%)",100.0
"서울 성북구","건강보험 적용인구 현황",445974
"서울 성북구","장애인고용률 (%)",3.58
"서울 성북구","일반회계중 일반공공행정예산비중 (%)",6.83
"서울 성북구","일반회계중 사회복지예산비중 (%)",51.11
"서울 성북구","노인 천명당 노인여가복지시설수 (개)",1.93
"서울 성북구","인구 십만명당 자살률 (명)",20.6
"서울 성북구","인구 십만명당 사회복지시설수 (개)",8.27
"서울 강북구","사망률 (인구 10만명당 사망자)",566.7
"서울 강북구","남녀성비 (%)",97.06
"서울 강북구","인구 천명당 외국인수 (명)",10.74
"서울 강북구","전입인구 (명)",47491
"서울 강북구","출생아수 (명)",2164
"서울 강북구","전출인구 (명)",52240
"서울 강북구","합계출산율 (명)",0.922
"서울 강북구","인구증가율 (%)",-1.18
"서울 강북구","주민등록인구 (명)",330873
"서울 강북구","등록외국인 현황  (명)",3553
"서울 강북구","고령인구비율 (%)",15.87
"서울 강북구","순이동인구 (명)",-4749
"서울 강북구","사망자수 (명)",1854
"서울 강북구","혼인건수 (건)",1715
"서울 강북구","1인가구비율 (%)",28.5
"서울 강북구","조이혼율 (천명당)",2.3
"서울 강북구","유아 천명당 보육시설수 (개)",14.06
"서울 강북구","조혼인율 (천명당)",5.2
"서울 강북구","흡연율 (%)",24.1
"서울 강북구","주관적건강수준 인지율 (%)",48.0
"서울 강북구","음주율 (%)",60.1
"서울 강북구","스트레스 인지율 (%)",33.7
"서울 강북구","비만율 (%)",29.5
"서울 강북구","EQ-5D지표",0.938
"서울 강북구","인구 천명당 의료기관병상수 (개)",6.41
"서울 강북구","인구 천명당 의료기관종사의사수 (명)",1.94
"서울 강북구","초등학교수 (개)",14
"서울 강북구","유치원 교원수 (명)",155
"서울 강북구","인구 천명당 사설학원수 (개)",0.69
"서울 강북구","유치원수 (개)",22
"서울 강북구","유치원 원아수 (명)",2103
"서울 강북구","초등학교 학생수 (명)",11879
"서울 강북구","교원1인당 학생수 (명)",14.76
"서울 강북구","초등학교 교원수 (명)",795
"서울 강북구","토지거래현황 (천m²)",787
"서울 강북구","토지거래현황 (필지)",9911
"서울 강북구","자동차 천대당 교통사고발생건수 (건)",12.67
"서울 강북구","도로포장률 (%)",100.00
"서울 강북구","도시지역면적 (km²)",24
"서울 강북구","주택전세가격지수",98.7
"서울 강북구","주택수 (호)",91806
"서울 강북구","1인당 자동차 등록대수 (대)",0.23
"서울 강북구","지가변동률 (%)",1.99
"서울 강북구","토지거래 면적 (천㎡)",787
"서울 강북구","주택매매가격지수",97.7
"서울 강북구","아파트월세가격지수 (명)",101.3
"서울 강북구","아파트전세가격지수 (명)",96.9
"서울 강북구","주택월세통합가격지수 (명)",100.6
"서울 강북구","아파트매매가격지수 (명)",96.7
"서울 강북구","주택월세가격지수 (명)",100.6
"서울 강북구","아파트월세통합가격지수 (명)",100.1
"서울 강북구","인구 십만명당 문화기반시설수 (개)",2.72
"서울 강북구","친환경인증 축산물 출하량 (톤)",0
"서울 강북구","친환경인증 농산물 출하량 (톤)",0
"서울 강북구","인구 천명당 사업체수 (개)",56.38
"서울 강북구","재정자주도 (%)",49.4
"서울 강북구","인구 천명당 종사자수 (명)",210.92
"서울 강북구","사업체수 (개)",18654
"서울 강북구","재정자립도 (%)",21.8
"서울 강북구","가구수 (가구)",127462
"서울 강북구","주민 만명당 화재발생건수 (건)",5.38
"서울 강북구","주민 1인당 생활폐기물배출량 (kg/일)",0.70
"서울 강북구","폐수배출업소수 (개소)",57
"서울 강북구","일반폐기물재활용률 (%)",66.33
"서울 강북구","하수도보급률 (%)",100.0
"서울 강북구","상수도보급률 (%)",100.0
"서울 강북구","건강보험 적용인구 현황",314857
"서울 강북구","장애인고용률 (%)",5.69
"서울 강북구","일반회계중 일반공공행정예산비중 (%)",6.13
"서울 강북구","일반회계중 사회복지예산비중 (%)",52.96
"서울 강북구","노인 천명당 노인여가복지시설수 (개)",1.50
"서울 강북구","인구 십만명당 자살률 (명)",30.6
"서울 강북구","인구 십만명당 사회복지시설수 (개)",11.79
"서울 도봉구","사망률 (인구 10만명당 사망자)",509.9
"서울 도봉구","남녀성비 (%)",97.09
"서울 도봉구","인구 천명당 외국인수 (명)",5.69
"서울 도봉구","전입인구 (명)",48961
"서울 도봉구","출생아수 (명)",2481
"서울 도봉구","전출인구 (명)",52460
"서울 도봉구","합계출산율 (명)",1.010
"서울 도봉구","인구증가율 (%)",-0.69
"서울 도봉구","주민등록인구 (명)",351242
"서울 도봉구","등록외국인 현황  (명)",1999
"서울 도봉구","고령인구비율 (%)",13.82
"서울 도봉구","순이동인구 (명)",-3499
"서울 도봉구","사망자수 (명)",1776
"서울 도봉구","혼인건수 (건)",1810
"서울 도봉구","1인가구비율 (%)",21.9
"서울 도봉구","조이혼율 (천명당)",2.1
"서울 도봉구","소년·소녀가정현황 (명)",3
"서울 도봉구","유아 천명당 보육시설수 (개)",18.21
"서울 도봉구","조혼인율 (천명당)",5.2
"서울 도봉구","흡연율 (%)",18.1
"서울 도봉구","주관적건강수준 인지율 (%)",45.3
"서울 도봉구","음주율 (%)",64.1
"서울 도봉구","스트레스 인지율 (%)",30.6
"서울 도봉구","비만율 (%)",25.6
"서울 도봉구","EQ-5D지표",0.957
"서울 도봉구","인구 천명당 의료기관병상수 (개)",8.06
"서울 도봉구","인구 천명당 의료기관종사의사수 (명)",1.76
"서울 도봉구","대학교 수 (개)",1
"서울 도봉구","초등학교수 (개)",23
"서울 도봉구","대학교 교원수 (명)",200
"서울 도봉구","유치원 교원수 (명)",221
"서울 도봉구","인구 천명당 사설학원수 (개)",1.04
"서울 도봉구","유치원수 (개)",30
"서울 도봉구","유치원 원아수 (명)",3035
"서울 도봉구","초등학교 학생수 (명)",17408
"서울 도봉구","대학교 학생수 (명)",7181
"서울 도봉구","교원1인당 학생수 (명)",16.03
"서울 도봉구","초등학교 교원수 (명)",1114
"서울 도봉구","토지거래현황 (천m²)",782
"서울 도봉구","토지거래현황 (필지)",11065
"서울 도봉구","자동차 천대당 교통사고발생건수 (건)",7.31
"서울 도봉구","도로포장률 (%)",100.00
"서울 도봉구","도시지역면적 (km²)",21
"서울 도봉구","주택전세가격지수",97.5
"서울 도봉구","주택수 (호)",102443
"서울 도봉구","1인당 자동차 등록대수 (대)",0.27
"서울 도봉구","지가변동률 (%)",2.19
"서울 도봉구","토지거래 면적 (천㎡)",782
"서울 도봉구","주택매매가격지수",96.7
"서울 도봉구","아파트월세가격지수 (명)",101.5
"서울 도봉구","아파트전세가격지수 (명)",96.8
"서울 도봉구","주택월세통합가격지수 (명)",101.2
"서울 도봉구","아파트매매가격지수 (명)",95.3
"서울 도봉구","주택월세가격지수 (명)",101.2
"서울 도봉구","아파트월세통합가격지수 (명)",100.4
"서울 도봉구","인구 십만명당 문화기반시설수 (개)",2.85
"서울 도봉구","친환경인증 축산물 출하량 (톤)",0
"서울 도봉구","친환경인증 농산물 출하량 (톤)",33
"서울 도봉구","인구 천명당 사업체수 (개)",52.54
"서울 도봉구","재정자주도 (%)",53.6
"서울 도봉구","인구 천명당 종사자수 (명)",195.50
"서울 도봉구","사업체수 (개)",18455
"서울 도봉구","재정자립도 (%)",22.8
"서울 도봉구","가구수 (가구)",125952
"서울 도봉구","주민 만명당 화재발생건수 (건)",5.35
"서울 도봉구","주민 1인당 생활폐기물배출량 (kg/일)",0.90
"서울 도봉구","폐수배출업소수 (개소)",81
"서울 도봉구","일반폐기물재활용률 (%)",77.76
"서울 도봉구","하수도보급률 (%)",100.0
"서울 도봉구","상수도보급률 (%)",100.0
"서울 도봉구","건강보험 적용인구 현황",341690
"서울 도봉구","장애인고용률 (%)",5.03
"서울 도봉구","일반회계중 일반공공행정예산비중 (%)",8.77
"서울 도봉구","일반회계중 사회복지예산비중 (%)",52.70
"서울 도봉구","노인 천명당 노인여가복지시설수 (개)",2.08
"서울 도봉구","인구 십만명당 자살률 (명)",26.1
"서울 도봉구","인구 십만명당 사회복지시설수 (개)",15.09
"서울 노원구","사망률 (인구 10만명당 사망자)",482.2
"서울 노원구","남녀성비 (%)",95.04
"서울 노원구","인구 천명당 외국인수 (명)",6.33
"서울 노원구","전입인구 (명)",73528
"서울 노원구","출생아수 (명)",4462
"서울 노원구","전출인구 (명)",83672
"서울 노원구","합계출산율 (명)",1.096
"서울 노원구","인구증가율 (%)",-1.34
"서울 노원구","주민등록인구 (명)",574583
"서울 노원구","등록외국인 현황  (명)",3638
"서울 노원구","고령인구비율 (%)",11.98
"서울 노원구","순이동인구 (명)",-10144
"서울 노원구","사망자수 (명)",2763
"서울 노원구","혼인건수 (건)",3146
"서울 노원구","1인가구비율 (%)",22.5
"서울 노원구","조이혼율 (천명당)",1.7
"서울 노원구","소년·소녀가정현황 (명)",1
"서울 노원구","유아 천명당 보육시설수 (개)",19.86
"서울 노원구","조혼인율 (천명당)",5.5
"서울 노원구","흡연율 (%)",19.5
"서울 노원구","주관적건강수준 인지율 (%)",48.8
"서울 노원구","음주율 (%)",61.8
"서울 노원구","스트레스 인지율 (%)",29.2
"서울 노원구","비만율 (%)",23.9
"서울 노원구","EQ-5D지표",0.967
"서울 노원구","인구 천명당 의료기관병상수 (개)",6.18
"서울 노원구","인구 천명당 의료기관종사의사수 (명)",2.90
"서울 노원구","대학교 수 (개)",6
"서울 노원구","초등학교수 (개)",42
"서울 노원구","대학교 교원수 (명)",1281
"서울 노원구","유치원 교원수 (명)",547
"서울 노원구","인구 천명당 사설학원수 (개)",1.36
"서울 노원구","유치원수 (개)",69
"서울 노원구","유치원 원아수 (명)",7364
"서울 노원구","초등학교 학생수 (명)",31048
"서울 노원구","대학교 학생수 (명)",50545
"서울 노원구","교원1인당 학생수 (명)",19.28
"서울 노원구","초등학교 교원수 (명)",1949
"서울 노원구","토지거래현황 (천m²)",858
"서울 노원구","토지거래현황 (필지)",16925
"서울 노원구","자동차 천대당 교통사고발생건수 (건)",7.46
"서울 노원구","도로포장률 (%)",100.00
"서울 노원구","도시지역면적 (km²)",35
"서울 노원구","주택전세가격지수",97.8
"서울 노원구","주택수 (호)",186626
"서울 노원구","1인당 자동차 등록대수 (대)",0.27
"서울 노원구","지가변동률 (%)",2.47
"서울 노원구","토지거래 면적 (천㎡)",858
"서울 노원구","주택매매가격지수",94.6
"서울 노원구","아파트월세가격지수 (명)",100.8
"서울 노원구","아파트전세가격지수 (명)",97.6
"서울 노원구","주택월세통합가격지수 (명)",100.7
"서울 노원구","아파트매매가격지수 (명)",93.9
"서울 노원구","주택월세가격지수 (명)",100.7
"서울 노원구","아파트월세통합가격지수 (명)",100.1
"서울 노원구","인구 십만명당 문화기반시설수 (개)",2.61
"서울 노원구","친환경인증 축산물 출하량 (톤)",0
"서울 노원구","친환경인증 농산물 출하량 (톤)",11
"서울 노원구","인구 천명당 사업체수 (개)",44.95
"서울 노원구","재정자주도 (%)",46.0
"서울 노원구","인구 천명당 종사자수 (명)",199.69
"서울 노원구","사업체수 (개)",25827
"서울 노원구","재정자립도 (%)",17.5
"서울 노원구","가구수 (가구)",206092
"서울 노원구","주민 만명당 화재발생건수 (건)",4.19
"서울 노원구","주민 1인당 생활폐기물배출량 (kg/일)",0.81
"서울 노원구","폐수배출업소수 (개소)",104
"서울 노원구","일반폐기물재활용률 (%)",75.61
"서울 노원구","하수도보급률 (%)",100.0
"서울 노원구","상수도보급률 (%)",100.0
"서울 노원구","건강보험 적용인구 현황",549235
"서울 노원구","장애인고용률 (%)",5.23
"서울 노원구","일반회계중 일반공공행정예산비중 (%)",6.54
"서울 노원구","일반회계중 사회복지예산비중 (%)",58.75
"서울 노원구","노인 천명당 노인여가복지시설수 (개)",2.56
"서울 노원구","인구 십만명당 자살률 (명)",25.5
"서울 노원구","인구 십만명당 사회복지시설수 (개)",7.83
"서울 은평구","사망률 (인구 10만명당 사망자)",470.7
"서울 은평구","남녀성비 (%)",95.30
"서울 은평구","인구 천명당 외국인수 (명)",9.35
"서울 은평구","전입인구 (명)",82375
"서울 은평구","출생아수 (명)",3870
"서울 은평구","전출인구 (명)",85329
"서울 은평구","합계출산율 (명)",1.003
"서울 은평구","인구증가율 (%)",-0.13
"서울 은평구","주민등록인구 (명)",497920
"서울 은평구","등록외국인 현황  (명)",4658
"서울 은평구","고령인구비율 (%)",13.98
"서울 은평구","순이동인구 (명)",-2954
"서울 은평구","사망자수 (명)",2309
"서울 은평구","혼인건수 (건)",2812
"서울 은평구","1인가구비율 (%)",24.4
"서울 은평구","조이혼율 (천명당)",1.9
"서울 은평구","유아 천명당 보육시설수 (개)",14.06
"서울 은평구","조혼인율 (천명당)",5.7
"서울 은평구","흡연율 (%)",20.8
"서울 은평구","주관적건강수준 인지율 (%)",48.8
"서울 은평구","음주율 (%)",61.5
"서울 은평구","스트레스 인지율 (%)",32.2
"서울 은평구","비만율 (%)",24.1
"서울 은평구","EQ-5D지표",0.951
"서울 은평구","인구 천명당 의료기관병상수 (개)",7.27
"서울 은평구","인구 천명당 의료기관종사의사수 (명)",1.78
"서울 은평구","대학교 수 (개)",1
"서울 은평구","초등학교수 (개)",30
"서울 은평구","대학교 교원수 (명)",26
"서울 은평구","유치원 교원수 (명)",341
"서울 은평구","인구 천명당 사설학원수 (개)",1.03
"서울 은평구","유치원수 (개)",48
"서울 은평구","유치원 원아수 (명)",4600
"서울 은평구","초등학교 학생수 (명)",23918
"서울 은평구","대학교 학생수 (명)",819
"서울 은평구","교원1인당 학생수 (명)",14.76
"서울 은평구","초등학교 교원수 (명)",1519
"서울 은평구","토지거래현황 (천m²)",1192
"서울 은평구","토지거래현황 (필지)",21020
"서울 은평구","자동차 천대당 교통사고발생건수 (건)",7.11
"서울 은평구","도로포장률 (%)",100.00
"서울 은평구","도시지역면적 (km²)",29
"서울 은평구","주택전세가격지수",95.5
"서울 은평구","주택수 (호)",140330
"서울 은평구","1인당 자동차 등록대수 (대)",0.25
"서울 은평구","지가변동률 (%)",2.08
"서울 은평구","토지거래 면적 (천㎡)",1192
"서울 은평구","주택매매가격지수",96.1
"서울 은평구","아파트월세가격지수 (명)",103.6
"서울 은평구","아파트전세가격지수 (명)",92.3
"서울 은평구","주택월세통합가격지수 (명)",101.5
"서울 은평구","아파트매매가격지수 (명)",94.0
"서울 은평구","주택월세가격지수 (명)",101.5
"서울 은평구","아파트월세통합가격지수 (명)",100.4
"서울 은평구","인구 십만명당 문화기반시설수 (개)",2.41
"서울 은평구","친환경인증 축산물 출하량 (톤)",0
"서울 은평구","친환경인증 농산물 출하량 (톤)",1
"서울 은평구","인구 천명당 사업체수 (개)",48.56
"서울 은평구","재정자주도 (%)",46.4
"서울 은평구","인구 천명당 종사자수 (명)",176.12
"서울 은평구","사업체수 (개)",24179
"서울 은평구","재정자립도 (%)",22.0
"서울 은평구","가구수 (가구)",181725
"서울 은평구","주민 만명당 화재발생건수 (건)",4.90
"서울 은평구","주민 1인당 생활폐기물배출량 (kg/일)",0.46
"서울 은평구","폐수배출업소수 (개소)",62
"서울 은평구","일반폐기물재활용률 (%)",70.24
"서울 은평구","하수도보급률 (%)",100.0
"서울 은평구","상수도보급률 (%)",100.0
"서울 은평구","건강보험 적용인구 현황",479294
"서울 은평구","장애인고용률 (%)",4.93
"서울 은평구","일반회계중 일반공공행정예산비중 (%)",4.55
"서울 은평구","일반회계중 사회복지예산비중 (%)",59.51
"서울 은평구","노인 천명당 노인여가복지시설수 (개)",1.72
"서울 은평구","인구 십만명당 자살률 (명)",23.4
"서울 은평구","인구 십만명당 사회복지시설수 (개)",8.03
"서울 서대문구","사망률 (인구 10만명당 사망자)",496.7
"서울 서대문구","남녀성비 (%)",94.93
"서울 서대문구","인구 천명당 외국인수 (명)",35.13
"서울 서대문구","전입인구 (명)",55729
"서울 서대문구","출생아수 (명)",2175
"서울 서대문구","전출인구 (명)",55165
"서울 서대문구","합계출산율 (명)",0.913
"서울 서대문구","인구증가율 (%)",0.70
"서울 서대문구","주민등록인구 (명)",312141
"서울 서대문구","등록외국인 현황  (명)",10964
"서울 서대문구","고령인구비율 (%)",14.87
"서울 서대문구","순이동인구 (명)",564
"서울 서대문구","사망자수 (명)",1516
"서울 서대문구","혼인건수 (건)",1722
"서울 서대문구","1인가구비율 (%)",33.2
"서울 서대문구","조이혼율 (천명당)",1.7
"서울 서대문구","유아 천명당 보육시설수 (개)",12.53
"서울 서대문구","조혼인율 (천명당)",5.6
"서울 서대문구","흡연율 (%)",22.9
"서울 서대문구","주관적건강수준 인지율 (%)",49.7
"서울 서대문구","음주율 (%)",65.7
"서울 서대문구","스트레스 인지율 (%)",32.9
"서울 서대문구","비만율 (%)",23.5
"서울 서대문구","EQ-5D지표",0.949
"서울 서대문구","인구 천명당 의료기관병상수 (개)",11.66
"서울 서대문구","인구 천명당 의료기관종사의사수 (명)",6.71
"서울 서대문구","대학교 수 (개)",6
"서울 서대문구","초등학교수 (개)",18
"서울 서대문구","대학교 교원수 (명)",2636
"서울 서대문구","유치원 교원수 (명)",204
"서울 서대문구","인구 천명당 사설학원수 (개)",0.96
"서울 서대문구","유치원수 (개)",26
"서울 서대문구","유치원 원아수 (명)",2571
"서울 서대문구","초등학교 학생수 (명)",13171
"서울 서대문구","대학교 학생수 (명)",71555
"서울 서대문구","교원1인당 학생수 (명)",21.24
"서울 서대문구","초등학교 교원수 (명)",881
"서울 서대문구","토지거래현황 (천m²)",672
"서울 서대문구","토지거래현황 (필지)",12921
"서울 서대문구","자동차 천대당 교통사고발생건수 (건)",10.45
"서울 서대문구","도로포장률 (%)",100.00
"서울 서대문구","도시지역면적 (km²)",18
"서울 서대문구","주택전세가격지수",94.4
"서울 서대문구","주택수 (호)",92885
"서울 서대문구","1인당 자동차 등록대수 (대)",0.26
"서울 서대문구","지가변동률 (%)",2.57
"서울 서대문구","토지거래 면적 (천㎡)",672
"서울 서대문구","주택매매가격지수",95.6
"서울 서대문구","아파트월세가격지수 (명)",103.8
"서울 서대문구","아파트전세가격지수 (명)",91.8
"서울 서대문구","주택월세통합가격지수 (명)",101.9
"서울 서대문구","아파트매매가격지수 (명)",94.0
"서울 서대문구","주택월세가격지수 (명)",101.9
"서울 서대문구","아파트월세통합가격지수 (명)",100.2
"서울 서대문구","인구 십만명당 문화기반시설수 (개)",4.49
"서울 서대문구","친환경인증 축산물 출하량 (톤)",0
"서울 서대문구","친환경인증 농산물 출하량 (톤)",0
"서울 서대문구","인구 천명당 사업체수 (개)",62.83
"서울 서대문구","재정자주도 (%)",57.9
"서울 서대문구","인구 천명당 종사자수 (명)",357.58
"서울 서대문구","사업체수 (개)",19612
"서울 서대문구","재정자립도 (%)",30.4
"서울 서대문구","가구수 (가구)",125149
"서울 서대문구","주민 만명당 화재발생건수 (건)",6.89
"서울 서대문구","주민 1인당 생활폐기물배출량 (kg/일)",0.97
"서울 서대문구","폐수배출업소수 (개소)",48
"서울 서대문구","일반폐기물재활용률 (%)",67.13
"서울 서대문구","하수도보급률 (%)",100.0
"서울 서대문구","상수도보급률 (%)",100.0
"서울 서대문구","건강보험 적용인구 현황",305516
"서울 서대문구","장애인고용률 (%)",1.98
"서울 서대문구","일반회계중 일반공공행정예산비중 (%)",8.30
"서울 서대문구","일반회계중 사회복지예산비중 (%)",46.25
"서울 서대문구","노인 천명당 노인여가복지시설수 (개)",1.75
"서울 서대문구","인구 십만명당 자살률 (명)",22.6
"서울 서대문구","인구 십만명당 사회복지시설수 (개)",9.93
"서울 마포구","사망률 (인구 10만명당 사망자)",419.2
"서울 마포구","남녀성비 (%)",92.72
"서울 마포구","인구 천명당 외국인수 (명)",27.62
"서울 마포구","전입인구 (명)",71484
"서울 마포구","출생아수 (명)",3626
"서울 마포구","전출인구 (명)",72254
"서울 마포구","합계출산율 (명)",0.986
"서울 마포구","인구증가율 (%)",0.64
"서울 마포구","주민등록인구 (명)",387643
"서울 마포구","등록외국인 현황  (명)",10708
"서울 마포구","고령인구비율 (%)",12.47
"서울 마포구","순이동인구 (명)",-770
"서울 마포구","사망자수 (명)",1593
"서울 마포구","혼인건수 (건)",3205
"서울 마포구","1인가구비율 (%)",33.8
"서울 마포구","조이혼율 (천명당)",1.6
"서울 마포구","소년·소녀가정현황 (명)",1
"서울 마포구","유아 천명당 보육시설수 (개)",12.75
"서울 마포구","조혼인율 (천명당)",8.4
"서울 마포구","흡연율 (%)",22.4
"서울 마포구","주관적건강수준 인지율 (%)",47.0
"서울 마포구","음주율 (%)",65.0
"서울 마포구","스트레스 인지율 (%)",33.8
"서울 마포구","비만율 (%)",25.0
"서울 마포구","EQ-5D지표",0.947
"서울 마포구","인구 천명당 의료기관병상수 (개)",1.62
"서울 마포구","인구 천명당 의료기관종사의사수 (명)",2.23
"서울 마포구","대학교 수 (개)",2
"서울 마포구","초등학교수 (개)",22
"서울 마포구","대학교 교원수 (명)",823
"서울 마포구","유치원 교원수 (명)",232
"서울 마포구","인구 천명당 사설학원수 (개)",1.46
"서울 마포구","유치원수 (개)",28
"서울 마포구","유치원 원아수 (명)",3132
"서울 마포구","초등학교 학생수 (명)",17117
"서울 마포구","대학교 학생수 (명)",27910
"서울 마포구","교원1인당 학생수 (명)",19.08
"서울 마포구","초등학교 교원수 (명)",1174
"서울 마포구","토지거래현황 (천m²)",907
"서울 마포구","토지거래현황 (필지)",17855
"서울 마포구","자동차 천대당 교통사고발생건수 (건)",12.68
"서울 마포구","도로포장률 (%)",100.00
"서울 마포구","도시지역면적 (km²)",24
"서울 마포구","주택전세가격지수",93.8
"서울 마포구","주택수 (호)",116135
"서울 마포구","1인당 자동차 등록대수 (대)",0.30
"서울 마포구","지가변동률 (%)",3.31
"서울 마포구","토지거래 면적 (천㎡)",907
"서울 마포구","주택매매가격지수",94.4
"서울 마포구","아파트월세가격지수 (명)",103.1
"서울 마포구","아파트전세가격지수 (명)",91.9
"서울 마포구","주택월세통합가격지수 (명)",101.9
"서울 마포구","아파트매매가격지수 (명)",93.3
"서울 마포구","주택월세가격지수 (명)",101.9
"서울 마포구","아파트월세통합가격지수 (명)",99.5
"서울 마포구","인구 십만명당 문화기반시설수 (개)",2.84
"서울 마포구","친환경인증 축산물 출하량 (톤)",0
"서울 마포구","친환경인증 농산물 출하량 (톤)",0
"서울 마포구","인구 천명당 사업체수 (개)",94.17
"서울 마포구","재정자주도 (%)",58.7
"서울 마포구","인구 천명당 종사자수 (명)",651.46
"서울 마포구","사업체수 (개)",36504
"서울 마포구","재정자립도 (%)",40.9
"서울 마포구","가구수 (가구)",159636
"서울 마포구","주민 만명당 화재발생건수 (건)",6.48
"서울 마포구","주민 1인당 생활폐기물배출량 (kg/일)",1.19
"서울 마포구","폐수배출업소수 (개소)",59
"서울 마포구","일반폐기물재활용률 (%)",71.79
"서울 마포구","하수도보급률 (%)",100.0
"서울 마포구","상수도보급률 (%)",100.0
"서울 마포구","건강보험 적용인구 현황",383687
"서울 마포구","장애인고용률 (%)",2.58
"서울 마포구","일반회계중 일반공공행정예산비중 (%)",5.45
"서울 마포구","일반회계중 사회복지예산비중 (%)",48.14
"서울 마포구","노인 천명당 노인여가복지시설수 (개)",2.46
"서울 마포구","인구 십만명당 자살률 (명)",23.9
"서울 마포구","인구 십만명당 사회복지시설수 (개)",4.64
"서울 양천구","사망률 (인구 10만명당 사망자)",395.1
"서울 양천구","남녀성비 (%)",98.14
"서울 양천구","인구 천명당 외국인수 (명)",9.24
"서울 양천구","전입인구 (명)",66589
"서울 양천구","출생아수 (명)",3526
"서울 양천구","전출인구 (명)",70624
"서울 양천구","합계출산율 (명)",1.034
"서울 양천구","인구증가율 (%)",-0.35
"서울 양천구","주민등록인구 (명)",484532
"서울 양천구","등록외국인 현황  (명)",4478
"서울 양천구","고령인구비율 (%)",10.38
"서울 양천구","순이동인구 (명)",-4035
"서울 양천구","사망자수 (명)",1898
"서울 양천구","혼인건수 (건)",2516
"서울 양천구","1인가구비율 (%)",20.0
"서울 양천구","조이혼율 (천명당)",1.6
"서울 양천구","소년·소녀가정현황 (명)",2
"서울 양천구","유아 천명당 보육시설수 (개)",16.31
"서울 양천구","조혼인율 (천명당)",5.2
"서울 양천구","흡연율 (%)",17.8
"서울 양천구","주관적건강수준 인지율 (%)",51.1
"서울 양천구","음주율 (%)",63.3
"서울 양천구","스트레스 인지율 (%)",30.3
"서울 양천구","비만율 (%)",22.8
"서울 양천구","EQ-5D지표",0.958
"서울 양천구","인구 천명당 의료기관병상수 (개)",6.07
"서울 양천구","인구 천명당 의료기관종사의사수 (명)",2.84
"서울 양천구","초등학교수 (개)",30
"서울 양천구","유치원 교원수 (명)",409
"서울 양천구","인구 천명당 사설학원수 (개)",2.13
"서울 양천구","유치원수 (개)",50
"서울 양천구","유치원 원아수 (명)",5168
"서울 양천구","초등학교 학생수 (명)",25237
"서울 양천구","교원1인당 학생수 (명)",15.57
"서울 양천구","초등학교 교원수 (명)",1526
"서울 양천구","토지거래현황 (천m²)",686
"서울 양천구","토지거래현황 (필지)",14650
"서울 양천구","자동차 천대당 교통사고발생건수 (건)",8.56
"서울 양천구","도로포장률 (%)",100.00
"서울 양천구","도시지역면적 (km²)",17
"서울 양천구","주택전세가격지수",94.7
"서울 양천구","주택수 (호)",134097
"서울 양천구","1인당 자동차 등록대수 (대)",0.31
"서울 양천구","지가변동률 (%)",2.42
"서울 양천구","토지거래 면적 (천㎡)",686
"서울 양천구","주택매매가격지수",94.4
"서울 양천구","아파트월세가격지수 (명)",103.8
"서울 양천구","아파트전세가격지수 (명)",93.7
"서울 양천구","주택월세통합가격지수 (명)",102.8
"서울 양천구","아파트매매가격지수 (명)",93.0
"서울 양천구","주택월세가격지수 (명)",102.8
"서울 양천구","아파트월세통합가격지수 (명)",99.9
"서울 양천구","인구 십만명당 문화기반시설수 (개)",1.44
"서울 양천구","친환경인증 축산물 출하량 (톤)",0
"서울 양천구","친환경인증 농산물 출하량 (톤)",0
"서울 양천구","인구 천명당 사업체수 (개)",54.27
"서울 양천구","재정자주도 (%)",53.6
"서울 양천구","인구 천명당 종사자수 (명)",246.51
"서울 양천구","사업체수 (개)",26297
"서울 양천구","재정자립도 (%)",28.7
"서울 양천구","가구수 (가구)",166139
"서울 양천구","주민 만명당 화재발생건수 (건)",4.50
"서울 양천구","주민 1인당 생활폐기물배출량 (kg/일)",0.67
"서울 양천구","폐수배출업소수 (개소)",82
"서울 양천구","일반폐기물재활용률 (%)",68.99
"서울 양천구","하수도보급률 (%)",100.0
"서울 양천구","상수도보급률 (%)",100.0
"서울 양천구","건강보험 적용인구 현황",476614
"서울 양천구","장애인고용률 (%)",3.92
"서울 양천구","일반회계중 일반공공행정예산비중 (%)",5.96
"서울 양천구","일반회계중 사회복지예산비중 (%)",51.10
"서울 양천구","노인 천명당 노인여가복지시설수 (개)",2.49
"서울 양천구","인구 십만명당 자살률 (명)",24.8
"서울 양천구","인구 십만명당 사회복지시설수 (개)",8.26
"서울 강서구","사망률 (인구 10만명당 사망자)",443.1
"서울 강서구","남녀성비 (%)",95.62
"서울 강서구","인구 천명당 외국인수 (명)",11.23
"서울 강서구","전입인구 (명)",94604
"서울 강서구","출생아수 (명)",5812
"서울 강서구","전출인구 (명)",94501
"서울 강서구","합계출산율 (명)",1.129
"서울 강서구","인구증가율 (%)",0.68
"서울 강서구","주민등록인구 (명)",589074
"서울 강서구","등록외국인 현황  (명)",6617
"서울 강서구","고령인구비율 (%)",11.51
"서울 강서구","순이동인구 (명)",103
"서울 강서구","사망자수 (명)",2573
"서울 강서구","혼인건수 (건)",4578
"서울 강서구","1인가구비율 (%)",26.2
"서울 강서구","조이혼율 (천명당)",1.9
"서울 강서구","소년·소녀가정현황 (명)",6
"서울 강서구","유아 천명당 보육시설수 (개)",13.87
"서울 강서구","조혼인율 (천명당)",7.9
"서울 강서구","흡연율 (%)",20.9
"서울 강서구","주관적건강수준 인지율 (%)",43.1
"서울 강서구","음주율 (%)",61.5
"서울 강서구","스트레스 인지율 (%)",29.4
"서울 강서구","비만율 (%)",24.5
"서울 강서구","EQ-5D지표",0.956
"서울 강서구","인구 천명당 의료기관병상수 (개)",5.73
"서울 강서구","인구 천명당 의료기관종사의사수 (명)",1.84
"서울 강서구","대학교 수 (개)",1
"서울 강서구","초등학교수 (개)",36
"서울 강서구","대학교 교원수 (명)",52
"서울 강서구","유치원 교원수 (명)",457
"서울 강서구","인구 천명당 사설학원수 (개)",1.20
"서울 강서구","유치원수 (개)",52
"서울 강서구","유치원 원아수 (명)",5643
"서울 강서구","초등학교 학생수 (명)",27960
"서울 강서구","대학교 학생수 (명)",1933
"서울 강서구","교원1인당 학생수 (명)",14.64
"서울 강서구","초등학교 교원수 (명)",1778
"서울 강서구","토지거래현황 (천m²)",1663
"서울 강서구","토지거래현황 (필지)",28272
"서울 강서구","자동차 천대당 교통사고발생건수 (건)",8.14
"서울 강서구","도로포장률 (%)",100.00
"서울 강서구","도시지역면적 (km²)",41
"서울 강서구","주택전세가격지수",95.8
"서울 강서구","주택수 (호)",179045
"서울 강서구","1인당 자동차 등록대수 (대)",0.32
"서울 강서구","지가변동률 (%)",2.86
"서울 강서구","토지거래 면적 (천㎡)",1663
"서울 강서구","주택매매가격지수",93.7
"서울 강서구","아파트월세가격지수 (명)",102.2
"서울 강서구","아파트전세가격지수 (명)",94.1
"서울 강서구","주택월세통합가격지수 (명)",101.0
"서울 강서구","아파트매매가격지수 (명)",91.0
"서울 강서구","주택월세가격지수 (명)",101.0
"서울 강서구","아파트월세통합가격지수 (명)",100.1
"서울 강서구","인구 십만명당 문화기반시설수 (개)",2.21
"서울 강서구","친환경인증 축산물 출하량 (톤)",0
"서울 강서구","친환경인증 농산물 출하량 (톤)",51
"서울 강서구","인구 천명당 사업체수 (개)",56.48
"서울 강서구","재정자주도 (%)",45.7
"서울 강서구","인구 천명당 종사자수 (명)",338.31
"서울 강서구","사업체수 (개)",33273
"서울 강서구","재정자립도 (%)",26.0
"서울 강서구","가구수 (가구)",220598
"서울 강서구","주민 만명당 화재발생건수 (건)",5.11
"서울 강서구","주민 1인당 생활폐기물배출량 (kg/일)",0.74
"서울 강서구","폐수배출업소수 (개소)",178
"서울 강서구","일반폐기물재활용률 (%)",70.64
"서울 강서구","하수도보급률 (%)",100.0
"서울 강서구","상수도보급률 (%)",100.0
"서울 강서구","건강보험 적용인구 현황",570722
"서울 강서구","장애인고용률 (%)",2.49
"서울 강서구","일반회계중 일반공공행정예산비중 (%)",4.17
"서울 강서구","일반회계중 사회복지예산비중 (%)",60.54
"서울 강서구","노인 천명당 노인여가복지시설수 (개)",2.25
"서울 강서구","인구 십만명당 자살률 (명)",24.6
"서울 강서구","인구 십만명당 사회복지시설수 (개)",7.47
"서울 구로구","사망률 (인구 10만명당 사망자)",412.5
"서울 구로구","남녀성비 (%)",99.43
"서울 구로구","인구 천명당 외국인수 (명)",77.03
"서울 구로구","전입인구 (명)",57099
"서울 구로구","출생아수 (명)",4257
"서울 구로구","전출인구 (명)",64052
"서울 구로구","합계출산율 (명)",1.169
"서울 구로구","인구증가율 (%)",-0.55
"서울 구로구","주민등록인구 (명)",422092
"서울 구로구","등록외국인 현황  (명)",32512
"서울 구로구","고령인구비율 (%)",12.59
"서울 구로구","순이동인구 (명)",-6953
"서울 구로구","사망자수 (명)",1731
"서울 구로구","혼인건수 (건)",3045
"서울 구로구","1인가구비율 (%)",26.2
"서울 구로구","조이혼율 (천명당)",1.9
"서울 구로구","유아 천명당 보육시설수 (개)",15.13
"서울 구로구","조혼인율 (천명당)",7.3
"서울 구로구","흡연율 (%)",19.2
"서울 구로구","주관적건강수준 인지율 (%)",43.6
"서울 구로구","음주율 (%)",60.1
"서울 구로구","스트레스 인지율 (%)",31.6
"서울 구로구","비만율 (%)",25.1
"서울 구로구","EQ-5D지표",0.946
"서울 구로구","인구 천명당 의료기관병상수 (개)",8.96
"서울 구로구","인구 천명당 의료기관종사의사수 (명)",2.96
"서울 구로구","대학교 수 (개)",3
"서울 구로구","초등학교수 (개)",24
"서울 구로구","대학교 교원수 (명)",281
"서울 구로구","유치원 교원수 (명)",268
"서울 구로구","인구 천명당 사설학원수 (개)",0.93
"서울 구로구","유치원수 (개)",37
"서울 구로구","유치원 원아수 (명)",3568
"서울 구로구","초등학교 학생수 (명)",19363
"서울 구로구","대학교 학생수 (명)",16199
"서울 구로구","교원1인당 학생수 (명)",17.68
"서울 구로구","초등학교 교원수 (명)",1298
"서울 구로구","토지거래현황 (천m²)",967
"서울 구로구","토지거래현황 (필지)",15261
"서울 구로구","자동차 천대당 교통사고발생건수 (건)",8.82
"서울 구로구","도로포장률 (%)",100.00
"서울 구로구","도시지역면적 (km²)",20
"서울 구로구","주택전세가격지수",94.1
"서울 구로구","주택수 (호)",118047
"서울 구로구","1인당 자동차 등록대수 (대)",0.33
"서울 구로구","지가변동률 (%)",2.36
"서울 구로구","토지거래 면적 (천㎡)",967
"서울 구로구","주택매매가격지수",95.4
"서울 구로구","아파트월세가격지수 (명)",101.6
"서울 구로구","아파트전세가격지수 (명)",92.0
"서울 구로구","주택월세통합가격지수 (명)",101.2
"서울 구로구","아파트매매가격지수 (명)",93.7
"서울 구로구","주택월세가격지수 (명)",101.2
"서울 구로구","아파트월세통합가격지수 (명)",99.1
"서울 구로구","인구 십만명당 문화기반시설수 (개)",3.08
"서울 구로구","친환경인증 축산물 출하량 (톤)",0
"서울 구로구","친환경인증 농산물 출하량 (톤)",0
"서울 구로구","인구 천명당 사업체수 (개)",88.71
"서울 구로구","재정자주도 (%)",52.4
"서울 구로구","인구 천명당 종사자수 (명)",498.72
"서울 구로구","사업체수 (개)",37445
"서울 구로구","재정자립도 (%)",27.1
"서울 구로구","가구수 (가구)",170651
"서울 구로구","주민 만명당 화재발생건수 (건)",5.24
"서울 구로구","주민 1인당 생활폐기물배출량 (kg/일)",0.75
"서울 구로구","폐수배출업소수 (개소)",126
"서울 구로구","일반폐기물재활용률 (%)",56.05
"서울 구로구","하수도보급률 (%)",100.0
"서울 구로구","상수도보급률 (%)",100.0
"서울 구로구","건강보험 적용인구 현황",427706
"서울 구로구","장애인고용률 (%)",2.70
"서울 구로구","일반회계중 일반공공행정예산비중 (%)",5.40
"서울 구로구","일반회계중 사회복지예산비중 (%)",53.28
"서울 구로구","노인 천명당 노인여가복지시설수 (개)",2.65
"서울 구로구","인구 십만명당 자살률 (명)",21.2
"서울 구로구","인구 십만명당 사회복지시설수 (개)",6.87
"서울 금천구","사망률 (인구 10만명당 사망자)",488.0
"서울 금천구","남녀성비 (%)",104.26
"서울 금천구","인구 천명당 외국인수 (명)",84.15
"서울 금천구","전입인구 (명)",34056
"서울 금천구","출생아수 (명)",1885
"서울 금천구","전출인구 (명)",37303
"서울 금천구","합계출산율 (명)",1.086
"서울 금천구","인구증가율 (%)",-0.72
"서울 금천구","주민등록인구 (명)",236284
"서울 금천구","등록외국인 현황  (명)",19883
"서울 금천구","고령인구비율 (%)",13.01
"서울 금천구","순이동인구 (명)",-3247
"서울 금천구","사망자수 (명)",1139
"서울 금천구","혼인건수 (건)",1481
"서울 금천구","1인가구비율 (%)",33.4
"서울 금천구","조이혼율 (천명당)",2.4
"서울 금천구","소년·소녀가정현황 (명)",4
"서울 금천구","유아 천명당 보육시설수 (개)",18.22
"서울 금천구","조혼인율 (천명당)",6.3
"서울 금천구","흡연율 (%)",23.1
"서울 금천구","주관적건강수준 인지율 (%)",38.7
"서울 금천구","음주율 (%)",65.6
"서울 금천구","스트레스 인지율 (%)",30.7
"서울 금천구","비만율 (%)",29.9
"서울 금천구","EQ-5D지표",0.954
"서울 금천구","인구 천명당 의료기관병상수 (개)",8.19
"서울 금천구","인구 천명당 의료기관종사의사수 (명)",1.96
"서울 금천구","초등학교수 (개)",17
"서울 금천구","유치원 교원수 (명)",135
"서울 금천구","인구 천명당 사설학원수 (개)",0.88
"서울 금천구","유치원수 (개)",18
"서울 금천구","유치원 원아수 (명)",1763
"서울 금천구","초등학교 학생수 (명)",9610
"서울 금천구","교원1인당 학생수 (명)",13.23
"서울 금천구","초등학교 교원수 (명)",718
"서울 금천구","토지거래현황 (천m²)",714
"서울 금천구","토지거래현황 (필지)",10945
"서울 금천구","자동차 천대당 교통사고발생건수 (건)",8.72
"서울 금천구","도로포장률 (%)",100.00
"서울 금천구","도시지역면적 (km²)",13
"서울 금천구","주택전세가격지수",95.6
"서울 금천구","주택수 (호)",57096
"서울 금천구","1인당 자동차 등록대수 (대)",0.35
"서울 금천구","지가변동률 (%)",2.53
"서울 금천구","토지거래 면적 (천㎡)",714
"서울 금천구","주택매매가격지수",95.8
"서울 금천구","아파트월세가격지수 (명)",100.8
"서울 금천구","아파트전세가격지수 (명)",92.6
"서울 금천구","주택월세통합가격지수 (명)",101.1
"서울 금천구","아파트매매가격지수 (명)",93.7
"서울 금천구","주택월세가격지수 (명)",101.1
"서울 금천구","아파트월세통합가격지수 (명)",98.8
"서울 금천구","인구 십만명당 문화기반시설수 (개)",2.54
"서울 금천구","친환경인증 축산물 출하량 (톤)",0
"서울 금천구","친환경인증 농산물 출하량 (톤)",0
"서울 금천구","인구 천명당 사업체수 (개)",127.30
"서울 금천구","재정자주도 (%)",54.6
"서울 금천구","인구 천명당 종사자수 (명)",944.02
"서울 금천구","사업체수 (개)",30080
"서울 금천구","재정자립도 (%)",31.6
"서울 금천구","가구수 (가구)",103086
"서울 금천구","주민 만명당 화재발생건수 (건)",5.54
"서울 금천구","주민 1인당 생활폐기물배출량 (kg/일)",1.02
"서울 금천구","폐수배출업소수 (개소)",220
"서울 금천구","일반폐기물재활용률 (%)",71.43
"서울 금천구","하수도보급률 (%)",100.0
"서울 금천구","상수도보급률 (%)",100.0
"서울 금천구","건강보험 적용인구 현황",236612
"서울 금천구","장애인고용률 (%)",2.84
"서울 금천구","일반회계중 일반공공행정예산비중 (%)",9.30
"서울 금천구","일반회계중 사회복지예산비중 (%)",49.24
"서울 금천구","노인 천명당 노인여가복지시설수 (개)",1.77
"서울 금천구","인구 십만명당 자살률 (명)",24.4
"서울 금천구","인구 십만명당 사회복지시설수 (개)",11.85
"서울 영등포구","사망률 (인구 10만명당 사망자)",455.6
"서울 영등포구","남녀성비 (%)",100.15
"서울 영등포구","인구 천명당 외국인수 (명)",103.85
"서울 영등포구","전입인구 (명)",58936
"서울 영등포구","출생아수 (명)",3611
"서울 영등포구","전출인구 (명)",65678
"서울 영등포구","합계출산율 (명)",1.085
"서울 영등포구","인구증가율 (%)",-0.86
"서울 영등포구","주민등록인구 (명)",378504
"서울 영등포구","등록외국인 현황  (명)",39307
"서울 영등포구","고령인구비율 (%)",13.43
"서울 영등포구","순이동인구 (명)",-6742
"서울 영등포구","사망자수 (명)",1701
"서울 영등포구","혼인건수 (건)",2934
"서울 영등포구","1인가구비율 (%)",32.8
"서울 영등포구","조이혼율 (천명당)",1.9
"서울 영등포구","유아 천명당 보육시설수 (개)",14.20
"서울 영등포구","조혼인율 (천명당)",7.9
"서울 영등포구","흡연율 (%)",20.2
"서울 영등포구","주관적건강수준 인지율 (%)",50.6
"서울 영등포구","음주율 (%)",62.0
"서울 영등포구","스트레스 인지율 (%)",29.8
"서울 영등포구","비만율 (%)",26.5
"서울 영등포구","EQ-5D지표",0.962
"서울 영등포구","인구 천명당 의료기관병상수 (개)",15.25
"서울 영등포구","인구 천명당 의료기관종사의사수 (명)",4.67
"서울 영등포구","초등학교수 (개)",23
"서울 영등포구","유치원 교원수 (명)",316
"서울 영등포구","인구 천명당 사설학원수 (개)",1.18
"서울 영등포구","유치원수 (개)",42
"서울 영등포구","유치원 원아수 (명)",4013
"서울 영등포구","초등학교 학생수 (명)",15078
"서울 영등포구","교원1인당 학생수 (명)",13.37
"서울 영등포구","초등학교 교원수 (명)",1117
"서울 영등포구","토지거래현황 (천m²)",829
"서울 영등포구","토지거래현황 (필지)",16142
"서울 영등포구","자동차 천대당 교통사고발생건수 (건)",13.46
"서울 영등포구","도로포장률 (%)",100.00
"서울 영등포구","도시지역면적 (km²)",24
"서울 영등포구","주택전세가격지수",95.3
"서울 영등포구","주택수 (호)",96195
"서울 영등포구","1인당 자동차 등록대수 (대)",0.39
"서울 영등포구","지가변동률 (%)",2.18
"서울 영등포구","토지거래 면적 (천㎡)",829
"서울 영등포구","주택매매가격지수",93.9
"서울 영등포구","아파트월세가격지수 (명)",102.5
"서울 영등포구","아파트전세가격지수 (명)",94.1
"서울 영등포구","주택월세통합가격지수 (명)",101.8
"서울 영등포구","아파트매매가격지수 (명)",92.6
"서울 영등포구","주택월세가격지수 (명)",101.8
"서울 영등포구","아파트월세통합가격지수 (명)",100.1
"서울 영등포구","인구 십만명당 문화기반시설수 (개)",2.64
"서울 영등포구","친환경인증 축산물 출하량 (톤)",0
"서울 영등포구","친환경인증 농산물 출하량 (톤)",2
"서울 영등포구","인구 천명당 사업체수 (개)",117.60
"서울 영등포구","재정자주도 (%)",60.1
"서울 영등포구","인구 천명당 종사자수 (명)",957.78
"서울 영등포구","사업체수 (개)",44512
"서울 영등포구","재정자립도 (%)",46.3
"서울 영등포구","가구수 (가구)",162570
"서울 영등포구","주민 만명당 화재발생건수 (건)",6.42
"서울 영등포구","주민 1인당 생활폐기물배출량 (kg/일)",1.03
"서울 영등포구","폐수배출업소수 (개소)",200
"서울 영등포구","일반폐기물재활용률 (%)",63.86
"서울 영등포구","하수도보급률 (%)",100.0
"서울 영등포구","상수도보급률 (%)",100.0
"서울 영등포구","건강보험 적용인구 현황",390444
"서울 영등포구","장애인고용률 (%)",2.75
"서울 영등포구","일반회계중 일반공공행정예산비중 (%)",6.47
"서울 영등포구","일반회계중 사회복지예산비중 (%)",49.84
"서울 영등포구","노인 천명당 노인여가복지시설수 (개)",2.72
"서울 영등포구","인구 십만명당 자살률 (명)",22.8
"서울 영등포구","인구 십만명당 사회복지시설수 (개)",8.98
"서울 동작구","사망률 (인구 10만명당 사망자)",420.6
"서울 동작구","남녀성비 (%)",96.22
"서울 동작구","인구 천명당 외국인수 (명)",30.28
"서울 동작구","전입인구 (명)",66694
"서울 동작구","출생아수 (명)",3643
"서울 동작구","전출인구 (명)",76096
"서울 동작구","합계출산율 (명)",1.012
"서울 동작구","인구증가율 (%)",-1.55
"서울 동작구","주민등록인구 (명)",400641
"서울 동작구","등록외국인 현황  (명)",12133
"서울 동작구","고령인구비율 (%)",13.33
"서울 동작구","순이동인구 (명)",-9402
"서울 동작구","사망자수 (명)",1677
"서울 동작구","혼인건수 (건)",2855
"서울 동작구","1인가구비율 (%)",33.5
"서울 동작구","조이혼율 (천명당)",1.6
"서울 동작구","소년·소녀가정현황 (명)",3
"서울 동작구","유아 천명당 보육시설수 (개)",12.41
"서울 동작구","조혼인율 (천명당)",7.2
"서울 동작구","흡연율 (%)",18.6
"서울 동작구","주관적건강수준 인지율 (%)",41.6
"서울 동작구","음주율 (%)",63.0
"서울 동작구","스트레스 인지율 (%)",33.6
"서울 동작구","비만율 (%)",25.6
"서울 동작구","EQ-5D지표",0.946
"서울 동작구","인구 천명당 의료기관병상수 (개)",7.36
"서울 동작구","인구 천명당 의료기관종사의사수 (명)",3.30
"서울 동작구","대학교 수 (개)",3
"서울 동작구","초등학교수 (개)",21
"서울 동작구","대학교 교원수 (명)",1417
"서울 동작구","유치원 교원수 (명)",285
"서울 동작구","인구 천명당 사설학원수 (개)",1.11
"서울 동작구","유치원수 (개)",34
"서울 동작구","유치원 원아수 (명)",3706
"서울 동작구","초등학교 학생수 (명)",17474
"서울 동작구","대학교 학생수 (명)",44060
"서울 동작구","교원1인당 학생수 (명)",20.27
"서울 동작구","초등학교 교원수 (명)",1115
"서울 동작구","토지거래현황 (천m²)",1275
"서울 동작구","토지거래현황 (필지)",13296
"서울 동작구","자동차 천대당 교통사고발생건수 (건)",10.84
"서울 동작구","도로포장률 (%)",100.00
"서울 동작구","도시지역면적 (km²)",16
"서울 동작구","주택전세가격지수",95.0
"서울 동작구","주택수 (호)",109362
"서울 동작구","1인당 자동차 등록대수 (대)",0.25
"서울 동작구","지가변동률 (%)",2.37
"서울 동작구","토지거래 면적 (천㎡)",1275
"서울 동작구","주택매매가격지수",94.4
"서울 동작구","아파트월세가격지수 (명)",103.9
"서울 동작구","아파트전세가격지수 (명)",93.1
"서울 동작구","주택월세통합가격지수 (명)",101.9
"서울 동작구","아파트매매가격지수 (명)",92.5
"서울 동작구","주택월세가격지수 (명)",101.9
"서울 동작구","아파트월세통합가격지수 (명)",100.0
"서울 동작구","인구 십만명당 문화기반시설수 (개)",1.75
"서울 동작구","친환경인증 축산물 출하량 (톤)",0
"서울 동작구","친환경인증 농산물 출하량 (톤)",31
"서울 동작구","인구 천명당 사업체수 (개)",48.94
"서울 동작구","재정자주도 (%)",51.6
"서울 동작구","인구 천명당 종사자수 (명)",259.37
"서울 동작구","사업체수 (개)",19609
"서울 동작구","재정자립도 (%)",28.7
"서울 동작구","가구수 (가구)",166706
"서울 동작구","주민 만명당 화재발생건수 (건)",4.62
"서울 동작구","주민 1인당 생활폐기물배출량 (kg/일)",0.74
"서울 동작구","폐수배출업소수 (개소)",33
"서울 동작구","일반폐기물재활용률 (%)",70.49
"서울 동작구","하수도보급률 (%)",100.0
"서울 동작구","상수도보급률 (%)",100.0
"서울 동작구","건강보험 적용인구 현황",395933
"서울 동작구","장애인고용률 (%)",2.14
"서울 동작구","일반회계중 일반공공행정예산비중 (%)",6.89
"서울 동작구","일반회계중 사회복지예산비중 (%)",54.60
"서울 동작구","노인 천명당 노인여가복지시설수 (개)",1.96
"서울 동작구","인구 십만명당 자살률 (명)",23.1
"서울 동작구","인구 십만명당 사회복지시설수 (개)",5.49
"서울 관악구","사망률 (인구 10만명당 사망자)",398.5
"서울 관악구","남녀성비 (%)",102.11
"서울 관악구","인구 천명당 외국인수 (명)",38.00
"서울 관악구","전입인구 (명)",94590
"서울 관악구","출생아수 (명)",3960
"서울 관악구","전출인구 (명)",100724
"서울 관악구","합계출산율 (명)",0.833
"서울 관악구","인구증가율 (%)",-0.55
"서울 관악구","주민등록인구 (명)",509663
"서울 관악구","등록외국인 현황  (명)",19368
"서울 관악구","고령인구비율 (%)",12.69
"서울 관악구","순이동인구 (명)",-6134
"서울 관악구","사망자수 (명)",2008
"서울 관악구","혼인건수 (건)",3859
"서울 관악구","1인가구비율 (%)",43.9
"서울 관악구","조이혼율 (천명당)",1.8
"서울 관악구","유아 천명당 보육시설수 (개)",13.96
"서울 관악구","조혼인율 (천명당)",7.7
"서울 관악구","흡연율 (%)",23.7
"서울 관악구","주관적건강수준 인지율 (%)",45.1
"서울 관악구","음주율 (%)",64.8
"서울 관악구","스트레스 인지율 (%)",29.9
"서울 관악구","비만율 (%)",24.1
"서울 관악구","EQ-5D지표",0.951
"서울 관악구","인구 천명당 의료기관병상수 (개)",4.77
"서울 관악구","인구 천명당 의료기관종사의사수 (명)",1.75
"서울 관악구","대학교 수 (개)",1
"서울 관악구","초등학교수 (개)",22
"서울 관악구","대학교 교원수 (명)",1806
"서울 관악구","유치원 교원수 (명)",334
"서울 관악구","인구 천명당 사설학원수 (개)",0.88
"서울 관악구","유치원수 (개)",36
"서울 관악구","유치원 원아수 (명)",4549
"서울 관악구","초등학교 학생수 (명)",17747
"서울 관악구","대학교 학생수 (명)",21068
"서울 관악구","교원1인당 학생수 (명)",12.81
"서울 관악구","초등학교 교원수 (명)",1227
"서울 관악구","토지거래현황 (천m²)",878
"서울 관악구","토지거래현황 (필지)",13046
"서울 관악구","자동차 천대당 교통사고발생건수 (건)",11.14
"서울 관악구","도로포장률 (%)",100.00
"서울 관악구","도시지역면적 (km²)",30
"서울 관악구","주택전세가격지수",93.8
"서울 관악구","주택수 (호)",121277
"서울 관악구","1인당 자동차 등록대수 (대)",0.24
"서울 관악구","지가변동률 (%)",2.43
"서울 관악구","토지거래 면적 (천㎡)",878
"서울 관악구","주택매매가격지수",95.2
"서울 관악구","아파트월세가격지수 (명)",103.9
"서울 관악구","아파트전세가격지수 (명)",88.5
"서울 관악구","주택월세통합가격지수 (명)",101.4
"서울 관악구","아파트매매가격지수 (명)",92.1
"서울 관악구","주택월세가격지수 (명)",101.4
"서울 관악구","아파트월세통합가격지수 (명)",99.4
"서울 관악구","인구 십만명당 문화기반시설수 (개)",1.96
"서울 관악구","친환경인증 축산물 출하량 (톤)",90
"서울 관악구","친환경인증 농산물 출하량 (톤)",3
"서울 관악구","인구 천명당 사업체수 (개)",51.48
"서울 관악구","재정자주도 (%)",52.5
"서울 관악구","인구 천명당 종사자수 (명)",233.84
"서울 관악구","사업체수 (개)",26235
"서울 관악구","재정자립도 (%)",25.3
"서울 관악구","가구수 (가구)",238744
"서울 관악구","주민 만명당 화재발생건수 (건)",5.59
"서울 관악구","주민 1인당 생활폐기물배출량 (kg/일)",0.66
"서울 관악구","폐수배출업소수 (개소)",55
"서울 관악구","일반폐기물재활용률 (%)",62.06
"서울 관악구","하수도보급률 (%)",100.0
"서울 관악구","상수도보급률 (%)",100.0
"서울 관악구","건강보험 적용인구 현황",501170
"서울 관악구","장애인고용률 (%)",4.41
"서울 관악구","일반회계중 일반공공행정예산비중 (%)",6.00
"서울 관악구","일반회계중 사회복지예산비중 (%)",54.65
"서울 관악구","노인 천명당 노인여가복지시설수 (개)",1.36
"서울 관악구","인구 십만명당 자살률 (명)",23.6
"서울 관악구","인구 십만명당 사회복지시설수 (개)",8.63
"서울 서초구","사망률 (인구 10만명당 사망자)",316.2
"서울 서초구","남녀성비 (%)",92.55
"서울 서초구","인구 천명당 외국인수 (명)",10.06
"서울 서초구","전입인구 (명)",76543
"서울 서초구","출생아수 (명)",4078
"서울 서초구","전출인구 (명)",83320
"서울 서초구","합계출산율 (명)",1.012
"서울 서초구","인구증가율 (%)",-0.67
"서울 서초구","주민등록인구 (명)",446764
"서울 서초구","등록외국인 현황  (명)",4494
"서울 서초구","고령인구비율 (%)",11.01
"서울 서초구","순이동인구 (명)",-6777
"서울 서초구","사망자수 (명)",1396
"서울 서초구","혼인건수 (건)",2846
"서울 서초구","1인가구비율 (%)",24.3
"서울 서초구","조이혼율 (천명당)",1.4
"서울 서초구","소년·소녀가정현황 (명)",2
"서울 서초구","유아 천명당 보육시설수 (개)",8.46
"서울 서초구","조혼인율 (천명당)",6.4
"서울 서초구","흡연율 (%)",17.6
"서울 서초구","주관적건강수준 인지율 (%)",51.4
"서울 서초구","음주율 (%)",65.1
"서울 서초구","스트레스 인지율 (%)",33.9
"서울 서초구","비만율 (%)",23.0
"서울 서초구","EQ-5D지표",0.961
"서울 서초구","인구 천명당 의료기관병상수 (개)",7.05
"서울 서초구","인구 천명당 의료기관종사의사수 (명)",5.74
"서울 서초구","대학교 수 (개)",1
"서울 서초구","초등학교수 (개)",24
"서울 서초구","대학교 교원수 (명)",963
"서울 서초구","유치원 교원수 (명)",214
"서울 서초구","인구 천명당 사설학원수 (개)",2.64
"서울 서초구","유치원수 (개)",27
"서울 서초구","유치원 원아수 (명)",3097
"서울 서초구","초등학교 학생수 (명)",22817
"서울 서초구","대학교 학생수 (명)",2073
"서울 서초구","교원1인당 학생수 (명)",12.79
"서울 서초구","초등학교 교원수 (명)",1289
"서울 서초구","토지거래현황 (천m²)",2240
"서울 서초구","토지거래현황 (필지)",14698
"서울 서초구","자동차 천대당 교통사고발생건수 (건)",10.85
"서울 서초구","도로포장률 (%)",100.00
"서울 서초구","도시지역면적 (km²)",47
"서울 서초구","주택전세가격지수",100.3
"서울 서초구","주택수 (호)",125403
"서울 서초구","1인당 자동차 등록대수 (대)",0.40
"서울 서초구","지가변동률 (%)",3.04
"서울 서초구","토지거래 면적 (천㎡)",2240
"서울 서초구","주택매매가격지수",94.5
"서울 서초구","아파트월세가격지수 (명)",102.5
"서울 서초구","아파트전세가격지수 (명)",100.8
"서울 서초구","주택월세통합가격지수 (명)",101.9
"서울 서초구","아파트매매가격지수 (명)",93.2
"서울 서초구","주택월세가격지수 (명)",101.9
"서울 서초구","아파트월세통합가격지수 (명)",102.1
"서울 서초구","인구 십만명당 문화기반시설수 (개)",3.13
"서울 서초구","친환경인증 축산물 출하량 (톤)",0
"서울 서초구","친환경인증 농산물 출하량 (톤)",6
"서울 서초구","인구 천명당 사업체수 (개)",105.34
"서울 서초구","재정자주도 (%)",67.3
"서울 서초구","인구 천명당 종사자수 (명)",984.78
"서울 서초구","사업체수 (개)",47061
"서울 서초구","재정자립도 (%)",64.0
"서울 서초구","가구수 (가구)",156703
"서울 서초구","주민 만명당 화재발생건수 (건)",6.78
"서울 서초구","주민 1인당 생활폐기물배출량 (kg/일)",1.26
"서울 서초구","폐수배출업소수 (개소)",158
"서울 서초구","일반폐기물재활용률 (%)",71.55
"서울 서초구","하수도보급률 (%)",100.0
"서울 서초구","상수도보급률 (%)",100.0
"서울 서초구","건강보험 적용인구 현황",453837
"서울 서초구","장애인고용률 (%)",2.59
"서울 서초구","일반회계중 일반공공행정예산비중 (%)",8.19
"서울 서초구","일반회계중 사회복지예산비중 (%)",43.22
"서울 서초구","노인 천명당 노인여가복지시설수 (개)",1.99
"서울 서초구","인구 십만명당 자살률 (명)",15.2
"서울 서초구","인구 십만명당 사회복지시설수 (개)",2.91
"서울 강남구","사망률 (인구 10만명당 사망자)",308.8
"서울 강남구","남녀성비 (%)",92.12
"서울 강남구","인구 천명당 외국인수 (명)",9.13
"서울 강남구","전입인구 (명)",108537
"서울 강남구","출생아수 (명)",4595
"서울 강남구","전출인구 (명)",114523
"서울 강남구","합계출산율 (명)",0.857
"서울 강남구","인구증가율 (%)",-0.29
"서울 강남구","주민등록인구 (명)",576495
"서울 강남구","등록외국인 현황  (명)",5265
"서울 강남구","고령인구비율 (%)",10.44
"서울 강남구","순이동인구 (명)",-5986
"서울 강남구","사망자수 (명)",1751
"서울 강남구","혼인건수 (건)",3380
"서울 강남구","1인가구비율 (%)",29.3
"서울 강남구","조이혼율 (천명당)",1.5
"서울 강남구","소년·소녀가정현황 (명)",1
"서울 강남구","유아 천명당 보육시설수 (개)",9.27
"서울 강남구","조혼인율 (천명당)",6.0
"서울 강남구","흡연율 (%)",19.8
"서울 강남구","주관적건강수준 인지율 (%)",48.7
"서울 강남구","음주율 (%)",62.1
"서울 강남구","스트레스 인지율 (%)",38.5
"서울 강남구","비만율 (%)",22.8
"서울 강남구","EQ-5D지표",0.953
"서울 강남구","인구 천명당 의료기관병상수 (개)",12.72
"서울 강남구","인구 천명당 의료기관종사의사수 (명)",10.11
"서울 강남구","초등학교수 (개)",33
"서울 강남구","유치원 교원수 (명)",343
"서울 강남구","인구 천명당 사설학원수 (개)",3.81
"서울 강남구","유치원수 (개)",43
"서울 강남구","유치원 원아수 (명)",4213
"서울 강남구","초등학교 학생수 (명)",24007
"서울 강남구","교원1인당 학생수 (명)",14.96
"서울 강남구","초등학교 교원수 (명)",1556
"서울 강남구","토지거래현황 (천m²)",1345
"서울 강남구","토지거래현황 (필지)",19783
"서울 강남구","자동차 천대당 교통사고발생건수 (건)",14.61
"서울 강남구","도로포장률 (%)",100.00
"서울 강남구","도시지역면적 (km²)",40
"서울 강남구","주택전세가격지수",96.9
"서울 강남구","주택수 (호)",176654
"서울 강남구","1인당 자동차 등록대수 (대)",0.42
"서울 강남구","지가변동률 (%)",3.80
"서울 강남구","토지거래 면적 (천㎡)",1345
"서울 강남구","주택매매가격지수",91.9
"서울 강남구","아파트월세가격지수 (명)",103.2
"서울 강남구","아파트전세가격지수 (명)",96.2
"서울 강남구","주택월세통합가격지수 (명)",102.7
"서울 강남구","아파트매매가격지수 (명)",90.0
"서울 강남구","주택월세가격지수 (명)",102.7
"서울 강남구","아파트월세통합가격지수 (명)",101.1
"서울 강남구","인구 십만명당 문화기반시설수 (개)",4.16
"서울 강남구","친환경인증 축산물 출하량 (톤)",2621
"서울 강남구","친환경인증 농산물 출하량 (톤)",80
"서울 강남구","인구 천명당 사업체수 (개)",127.65
"서울 강남구","재정자주도 (%)",67.6
"서울 강남구","인구 천명당 종사자수 (명)",1233.80
"서울 강남구","사업체수 (개)",73590
"서울 강남구","재정자립도 (%)",66.2
"서울 강남구","가구수 (가구)",214911
"서울 강남구","주민 만명당 화재발생건수 (건)",8.74
"서울 강남구","주민 1인당 생활폐기물배출량 (kg/일)",1.24
"서울 강남구","폐수배출업소수 (개소)",131
"서울 강남구","일반폐기물재활용률 (%)",65.97
"서울 강남구","하수도보급률 (%)",100.0
"서울 강남구","상수도보급률 (%)",100.0
"서울 강남구","건강보험 적용인구 현황",583900
"서울 강남구","장애인고용률 (%)",1.59
"서울 강남구","일반회계중 일반공공행정예산비중 (%)",8.33
"서울 강남구","일반회계중 사회복지예산비중 (%)",44.30
"서울 강남구","노인 천명당 노인여가복지시설수 (개)",2.18
"서울 강남구","인구 십만명당 자살률 (명)",20.5
"서울 강남구","인구 십만명당 사회복지시설수 (개)",2.95
"서울 송파구","사망률 (인구 10만명당 사망자)",325.1
"서울 송파구","남녀성비 (%)",95.44
"서울 송파구","인구 천명당 외국인수 (명)",10.87
"서울 송파구","전입인구 (명)",101994
"서울 송파구","출생아수 (명)",5899
"서울 송파구","전출인구 (명)",111346
"서울 송파구","합계출산율 (명)",1.008
"서울 송파구","인구증가율 (%)",-0.64
"서울 송파구","주민등록인구 (명)",660302
"서울 송파구","등록외국인 현황  (명)",7178
"서울 송파구","고령인구비율 (%)",10.32
"서울 송파구","순이동인구 (명)",-9352
"서울 송파구","사망자수 (명)",2127
"서울 송파구","혼인건수 (건)",4386
"서울 송파구","1인가구비율 (%)",23.2
"서울 송파구","조이혼율 (천명당)",1.6
"서울 송파구","소년·소녀가정현황 (명)",2
"서울 송파구","유아 천명당 보육시설수 (개)",13.23
"서울 송파구","조혼인율 (천명당)",6.7
"서울 송파구","흡연율 (%)",16.9
"서울 송파구","주관적건강수준 인지율 (%)",50.6
"서울 송파구","음주율 (%)",68.4
"서울 송파구","스트레스 인지율 (%)",29.0
"서울 송파구","비만율 (%)",23.5
"서울 송파구","EQ-5D지표",0.953
"서울 송파구","인구 천명당 의료기관병상수 (개)",9.32
"서울 송파구","인구 천명당 의료기관종사의사수 (명)",4.51
"서울 송파구","대학교 수 (개)",1
"서울 송파구","초등학교수 (개)",38
"서울 송파구","대학교 교원수 (명)",112
"서울 송파구","유치원 교원수 (명)",444
"서울 송파구","인구 천명당 사설학원수 (개)",1.67
"서울 송파구","유치원수 (개)",54
"서울 송파구","유치원 원아수 (명)",6027
"서울 송파구","초등학교 학생수 (명)",32093
"서울 송파구","대학교 학생수 (명)",3220
"서울 송파구","교원1인당 학생수 (명)",15.08
"서울 송파구","초등학교 교원수 (명)",2085
"서울 송파구","토지거래현황 (천m²)",948
"서울 송파구","토지거래현황 (필지)",19138
"서울 송파구","자동차 천대당 교통사고발생건수 (건)",9.82
"서울 송파구","도로포장률 (%)",100.00
"서울 송파구","도시지역면적 (km²)",34
"서울 송파구","주택전세가격지수",97.1
"서울 송파구","주택수 (호)",187030
"서울 송파구","1인당 자동차 등록대수 (대)",0.33
"서울 송파구","지가변동률 (%)",3.05
"서울 송파구","토지거래 면적 (천㎡)",948
"서울 송파구","주택매매가격지수",94.4
"서울 송파구","아파트월세가격지수 (명)",101.2
"서울 송파구","아파트전세가격지수 (명)",96.4
"서울 송파구","주택월세통합가격지수 (명)",101.5
"서울 송파구","아파트매매가격지수 (명)",92.1
"서울 송파구","주택월세가격지수 (명)",101.5
"서울 송파구","아파트월세통합가격지수 (명)",99.4
"서울 송파구","인구 십만명당 문화기반시설수 (개)",2.73
"서울 송파구","친환경인증 축산물 출하량 (톤)",0
"서울 송파구","친환경인증 농산물 출하량 (톤)",121
"서울 송파구","인구 천명당 사업체수 (개)",68.72
"서울 송파구","재정자주도 (%)",58.3
"서울 송파구","인구 천명당 종사자수 (명)",458.15
"서울 송파구","사업체수 (개)",45375
"서울 송파구","재정자립도 (%)",49.3
"서울 송파구","가구수 (가구)",235101
"서울 송파구","주민 만명당 화재발생건수 (건)",4.21
"서울 송파구","주민 1인당 생활폐기물배출량 (kg/일)",0.87
"서울 송파구","폐수배출업소수 (개소)",187
"서울 송파구","일반폐기물재활용률 (%)",69.06
"서울 송파구","하수도보급률 (%)",100.0
"서울 송파구","상수도보급률 (%)",100.0
"서울 송파구","건강보험 적용인구 현황",654652
"서울 송파구","장애인고용률 (%)",2.62
"서울 송파구","일반회계중 일반공공행정예산비중 (%)",6.05
"서울 송파구","일반회계중 사회복지예산비중 (%)",49.43
"서울 송파구","노인 천명당 노인여가복지시설수 (개)",1.71
"서울 송파구","인구 십만명당 자살률 (명)",19.6
"서울 송파구","인구 십만명당 사회복지시설수 (개)",5.00
"서울 강동구","사망률 (인구 10만명당 사망자)",402.4
"서울 강동구","남녀성비 (%)",99.46
"서울 강동구","인구 천명당 외국인수 (명)",10.17
"서울 강동구","전입인구 (명)",73720
"서울 강동구","출생아수 (명)",3865
"서울 강동구","전출인구 (명)",94194
"서울 강동구","합계출산율 (명)",1.036
"서울 강동구","인구증가율 (%)",-3.74
"서울 강동구","주민등록인구 (명)",458658
"서울 강동구","등록외국인 현황  (명)",4663
"서울 강동구","고령인구비율 (%)",11.30
"서울 강동구","순이동인구 (명)",-20474
"서울 강동구","사망자수 (명)",1857
"서울 강동구","혼인건수 (건)",2753
"서울 강동구","1인가구비율 (%)",24.3
"서울 강동구","조이혼율 (천명당)",1.8
"서울 강동구","유아 천명당 보육시설수 (개)",14.05
"서울 강동구","조혼인율 (천명당)",6.0
"서울 강동구","흡연율 (%)",20.4
"서울 강동구","주관적건강수준 인지율 (%)",48.5
"서울 강동구","음주율 (%)",61.5
"서울 강동구","스트레스 인지율 (%)",28.8
"서울 강동구","비만율 (%)",23.4
"서울 강동구","EQ-5D지표",0.946
"서울 강동구","인구 천명당 의료기관병상수 (개)",12.74
"서울 강동구","인구 천명당 의료기관종사의사수 (명)",4.07
"서울 강동구","초등학교수 (개)",26
"서울 강동구","유치원 교원수 (명)",303
"서울 강동구","인구 천명당 사설학원수 (개)",1.59
"서울 강동구","유치원수 (개)",37
"서울 강동구","유치원 원아수 (명)",4698
"서울 강동구","초등학교 학생수 (명)",21620
"서울 강동구","교원1인당 학생수 (명)",14.37
"서울 강동구","초등학교 교원수 (명)",1424
"서울 강동구","토지거래현황 (천m²)",1366
"서울 강동구","토지거래현황 (필지)",16501
"서울 강동구","자동차 천대당 교통사고발생건수 (건)",9.04
"서울 강동구","도로포장률 (%)",100.00
"서울 강동구","도시지역면적 (km²)",25
"서울 강동구","주택전세가격지수",96.5
"서울 강동구","주택수 (호)",119824
"서울 강동구","1인당 자동차 등록대수 (대)",0.30
"서울 강동구","지가변동률 (%)",2.78
"서울 강동구","토지거래 면적 (천㎡)",1366
"서울 강동구","주택매매가격지수",94.6
"서울 강동구","아파트월세가격지수 (명)",107.0
"서울 강동구","아파트전세가격지수 (명)",96.1
"서울 강동구","주택월세통합가격지수 (명)",105.1
"서울 강동구","아파트매매가격지수 (명)",92.6
"서울 강동구","주택월세가격지수 (명)",105.1
"서울 강동구","아파트월세통합가격지수 (명)",103.5
"서울 강동구","인구 십만명당 문화기반시설수 (개)",1.96
"서울 강동구","친환경인증 축산물 출하량 (톤)",0
"서울 강동구","친환경인증 농산물 출하량 (톤)",497
"서울 강동구","인구 천명당 사업체수 (개)",65.58
"서울 강동구","재정자주도 (%)",53.8
"서울 강동구","인구 천명당 종사자수 (명)",311.91
"서울 강동구","사업체수 (개)",30079
"서울 강동구","재정자립도 (%)",32.2
"서울 강동구","가구수 (가구)",167009
"서울 강동구","주민 만명당 화재발생건수 (건)",5.76
"서울 강동구","주민 1인당 생활폐기물배출량 (kg/일)",0.90
"서울 강동구","폐수배출업소수 (개소)",130
"서울 강동구","일반폐기물재활용률 (%)",73.86
"서울 강동구","하수도보급률 (%)",100.0
"서울 강동구","상수도보급률 (%)",100.0
"서울 강동구","건강보험 적용인구 현황",449179
"서울 강동구","장애인고용률 (%)",3.26
"서울 강동구","일반회계중 일반공공행정예산비중 (%)",5.13
"서울 강동구","일반회계중 사회복지예산비중 (%)",52.25
"서울 강동구","노인 천명당 노인여가복지시설수 (개)",1.73
"서울 강동구","인구 십만명당 자살률 (명)",24.7
"서울 강동구","인구 십만명당 사회복지시설수 (개)",8.50
